{
  "Message": null,
  "ServerDate": "2014-05-29T23:35:23.0000627+04:00",
  "Result": {
    "JudgeId": "b56a60d1-8779-413b-a75e-c5083fbdb563",
    "JudgeDisplayName": "Савкина Марина Александровна",
    "CourtFullName": "Федеральный арбитражный суд Поволжского округа",
    "CourtAddress": "420066 г. Казань, ул. Правосудия 2",
    "JudgePost": "Председатель судебного состава",
    "JudgeCabinet": "",
    "JudgePhone": "",
    "AssistantDisplayName": "Загретдинова Резеда Фаннуровна",
    "AssistantCabinet": "",
    "AssistantPhone": "(843) 235-21-88"
  },
  "Success": true,
  "Timings": null
}