{
  "Message": "",
  "ServerDate": "2014-05-29T20:21:15.0001824+04:00",
  "Result": {
    "CaseId": "78545e36-6918-40ad-a612-82fc8e0e0c19",
    "CaseNumber": "А40-153223/2012",
    "Date": "2012-11-22T00:00:00",
    "RegistryCloseDate": null,
    "State": "Заявление не принято, возвращено или оставлено без рассмотрения",
    "Cases": [
      {
        "Id": "78545e36-6918-40ad-a612-82fc8e0e0c19",
        "Number": "А40-153223/2012",
        "Date": "2013-02-01T00:00:00",
        "StartDate": "2012-11-22T00:00:00",
        "RegistryCloseDate": null,
        "State": "Заявление не принято, возвращено или оставлено без рассмотрения",
        "StateId": 7,
        "IsMonitored": false,
        "InFolders": []
      }
    ]
  },
  "Success": true,
  "Timings": [
    "GetCasesList.monitoredCases 00:00:00.4170000",
    "GetCasesList.Sql 00:00:00.1280000",
    "GetUserNonViewedCaseIds 00:00:00.1130000",
    "GetCasesList.nonViewedCases 00:00:00.1130000",
    "GetCasesComments 00:00:00.0320000",
    "GetCasesList.comments 00:00:00.0320000",
    "GetCasesList.favoriteCases 00:00:00.0040000",
    "GetUserFavoriteCasesIds 00:00:00.0040000",
    "GetCaseBankruptStages.Sql 00:00:00.0020000",
    "GetCasesList.bankruptStages 00:00:00.0020000",
    "GetCaseBankruptStages.Sql.BRAS_MSK 00:00:00.0010000",
    "GetCasesList.SortAndMerge 00:00:00",
    "Warnings:"
  ]
}