{
  "Message": null,
  "ServerDate": "2014-05-29T23:36:30.0007418+04:00",
  "Result": {
    "InstanceUpdates": {},
    "CreditorsInfo": null,
    "IsGJ": false,
    "Case": {
      "Id": "78d283d0-010e-4c50-b1d1-cf2395c00bf9",
      "Number": "А40-27010/2012",
      "ClaimSum": 0.0,
      "RecoverySum": 0.0,
      "SubscriptionId": null,
      "CaseCategory": null,
      "CaseType": "экономические споры по гражданским правоотношениям",
      "CaseTypeMCode": "Г",
      "CourtName": "АС города Москвы",
      "RegistrationDate": "2012-02-09T00:00:00",
      "SinceStart": "2 года 3 месяца 20 дней",
      "DocYears": [],
      "Timeframe": null,
      "RegistryCloseDate": null,
      "BankruptStage": "",
      "BankruptStageDocumentId": null,
      "CaseStage": "Подана кассационная жалоба",
      "IsSimpleJustice": false,
      "Instances": [
        {
          "Id": "b55f3d6b-10f3-42c4-a28b-48528f11dc15",
          "InstanceValidNumber": "Ф05-2949/2014",
          "InstanceOriginalNumber": "Ф05-2949/14",
          "InstanceLevel": 3,
          "CourtName": "ФАС МО",
          "CourtTag": "FASMO",
          "StartDate": "2014-03-12T00:00:00",
          "NextSessionDate": null,
          "NextSessionPlace": null,
          "CurrentSessionId": null,
          "SuspendUntil": null,
          "ClaimSum": 0.0,
          "SessionState": 0,
          "SessionBreak": null,
          "SessionEnd": null,
          "SessionStart": null,
          "FinalDocument": {
            "CaseId": "00000000-0000-0000-0000-000000000000",
            "InstanceId": "b55f3d6b-10f3-42c4-a28b-48528f11dc15",
            "Id": "2fcd881f-ae49-4c6c-82af-31642b00d595",
            "Type": "Решения и постановления",
            "FinishInstance": 1,
            "ContentTypesIds": [
              "9d26156d-a770-43cf-81f9-def01baf3e77"
            ],
            "ContentTypes": [
              "Постановление (определение) суда кассационной инстанции"
            ],
            "PublishDate": null,
            "DisplayDate": "01.04.2014",
            "AppealDate": "2014-07-02T00:00:00",
            "ActualDate": "2014-04-01T00:00:00",
            "ReasonDocumentId": null,
            "GeneralDecisionType": 2,
            "DecisionTypeId": "1c350db1-b9cb-41b2-8709-f32e1d7afc8b",
            "DecisionType": "Оставить определение без изменения, кассационную жалобу без удовлетворения",
            "ClaimSum": 0.0,
            "IsStart": false,
            "IsAct": true,
            "Judges": [],
            "Declarers": [],
            "LinkedSideIds": null,
            "HearingDate": null,
            "HearingPlace": null,
            "FileName": "A40-27010-2012_20140401_Reshenija i postanovlenija.pdf",
            "AdditionalInfo": "",
            "SourceSystem": 0,
            "SystemDocumentType": 0,
            "SimpleJusticeFileState": 0,
            "AppealedDocuments": null,
            "AppealInstanceNumber": null,
            "AppealState": null,
            "AppealDescription": "",
            "Addressee": null,
            "IsDeleted": false,
            "DelReason": null,
            "ViewsCount": 0,
            "DelDate": null,
            "CanBeDeleted": false,
            "DocSession": null,
            "WithAttachment": false,
            "HasSignature": false,
            "ItemType": 0
          },
          "StartDocInfo": {
            "DocType": "Кассационная жалоба",
            "ApeealedType": "Определение о возвращении апелляционной жалобы",
            "Declarers": [
              {
                "Id": "00000000-0000-0000-0000-000000000000",
                "Organization": "Гурняк Я. Ф.",
                "Address": "814000, Львовская обл г. Самбор ул. Грабовского д. 15",
                "Inn": "",
                "Ogrn": "",
                "Type": 0
              }
            ]
          },
          "IsFinished": true,
          "FinishState": 1,
          "Documents": []
        },
        {
          "Id": "beec7b5e-8a6b-4763-9a3a-d63a87c30bab",
          "InstanceValidNumber": "09АП-3776/2014",
          "InstanceOriginalNumber": "09АП-3776/2014",
          "InstanceLevel": 2,
          "CourtName": "9 ААС",
          "CourtTag": "9AAS",
          "StartDate": "2014-01-30T00:00:00",
          "NextSessionDate": null,
          "NextSessionPlace": null,
          "CurrentSessionId": null,
          "SuspendUntil": null,
          "ClaimSum": 0.0,
          "SessionState": 0,
          "SessionBreak": null,
          "SessionEnd": null,
          "SessionStart": null,
          "FinalDocument": {
            "CaseId": "00000000-0000-0000-0000-000000000000",
            "InstanceId": "beec7b5e-8a6b-4763-9a3a-d63a87c30bab",
            "Id": "26ea08c8-6a19-418e-8b6f-54577938414e",
            "Type": "Постановление апелляции",
            "FinishInstance": 1,
            "ContentTypesIds": [
              "e06062f0-d142-4112-858e-dad8f5d81eb6"
            ],
            "ContentTypes": [
              "Оставить без изменения решение, а апелляционную жалобу - без удовлетворения (п.1 ст.269 АПК)"
            ],
            "PublishDate": null,
            "DisplayDate": "05.03.2014",
            "AppealDate": "2014-05-06T00:00:00",
            "ActualDate": "2014-03-05T00:00:00",
            "ReasonDocumentId": null,
            "GeneralDecisionType": 2,
            "DecisionTypeId": null,
            "DecisionType": null,
            "ClaimSum": 0.0,
            "IsStart": false,
            "IsAct": true,
            "Judges": [],
            "Declarers": [],
            "LinkedSideIds": null,
            "HearingDate": null,
            "HearingPlace": null,
            "FileName": "A40-27010-2012_20140305_Postanovlenie apelljacii.pdf",
            "AdditionalInfo": "",
            "SourceSystem": 0,
            "SystemDocumentType": 0,
            "SimpleJusticeFileState": 0,
            "AppealedDocuments": null,
            "AppealInstanceNumber": null,
            "AppealState": null,
            "AppealDescription": "",
            "Addressee": null,
            "IsDeleted": false,
            "DelReason": null,
            "ViewsCount": 0,
            "DelDate": null,
            "CanBeDeleted": false,
            "DocSession": null,
            "WithAttachment": false,
            "HasSignature": false,
            "ItemType": 0
          },
          "StartDocInfo": {
            "DocType": "Апелляционная жалоба",
            "ApeealedType": null,
            "Declarers": [
              {
                "Id": "00000000-0000-0000-0000-000000000000",
                "Organization": "ООО \"Строительные технологии\"",
                "Address": "109649, Россия, Москва, Капотня 5-й кв-л, 11, стр. 2",
                "Inn": "7723786452",
                "Ogrn": "1117746064611",
                "Type": 1
              }
            ]
          },
          "IsFinished": true,
          "FinishState": 2,
          "Documents": []
        },
        {
          "Id": "0ed0851a-5dbd-4357-8707-f32479fd32a9",
          "InstanceValidNumber": "09АП-3803/2014",
          "InstanceOriginalNumber": "09АП-3803/2014",
          "InstanceLevel": 2,
          "CourtName": "9 ААС",
          "CourtTag": "9AAS",
          "StartDate": "2014-01-30T00:00:00",
          "NextSessionDate": null,
          "NextSessionPlace": null,
          "CurrentSessionId": null,
          "SuspendUntil": null,
          "ClaimSum": 0.0,
          "SessionState": 0,
          "SessionBreak": null,
          "SessionEnd": null,
          "SessionStart": null,
          "FinalDocument": {
            "CaseId": "00000000-0000-0000-0000-000000000000",
            "InstanceId": "0ed0851a-5dbd-4357-8707-f32479fd32a9",
            "Id": "6c6f299e-5926-4535-ae5f-8020c26b3b1b",
            "Type": "Определение",
            "FinishInstance": 1,
            "ContentTypesIds": [
              "9486444c-2e72-49c8-9a92-919812ca9532"
            ],
            "ContentTypes": [
              "Возвратить апелляционную жалобу (ст.264 АПК)"
            ],
            "PublishDate": null,
            "DisplayDate": "06.02.2014",
            "AppealDate": "2014-04-07T00:00:00",
            "ActualDate": "2014-02-06T00:00:00",
            "ReasonDocumentId": null,
            "GeneralDecisionType": 3,
            "DecisionTypeId": null,
            "DecisionType": null,
            "ClaimSum": 0.0,
            "IsStart": false,
            "IsAct": true,
            "Judges": [],
            "Declarers": [],
            "LinkedSideIds": null,
            "HearingDate": null,
            "HearingPlace": null,
            "FileName": "A40-27010-2012_20140206_Opredelenie.pdf",
            "AdditionalInfo": "",
            "SourceSystem": 0,
            "SystemDocumentType": 0,
            "SimpleJusticeFileState": 0,
            "AppealedDocuments": null,
            "AppealInstanceNumber": null,
            "AppealState": null,
            "AppealDescription": "",
            "Addressee": null,
            "IsDeleted": false,
            "DelReason": null,
            "ViewsCount": 0,
            "DelDate": null,
            "CanBeDeleted": false,
            "DocSession": null,
            "WithAttachment": false,
            "HasSignature": false,
            "ItemType": 0
          },
          "StartDocInfo": {
            "DocType": "Апелляционная жалоба",
            "ApeealedType": null,
            "Declarers": [
              {
                "Id": "00000000-0000-0000-0000-000000000000",
                "Organization": "Гурняк Я. Ф.",
                "Address": "125009, Россия, Москва, М. Гнездниковский пер, д. 9, стр. 1, кв. 44",
                "Inn": "",
                "Ogrn": "",
                "Type": 3
              }
            ]
          },
          "IsFinished": true,
          "FinishState": 2,
          "Documents": []
        },
        {
          "Id": "76ca1500-6186-4d27-998e-589f4c01f66f",
          "InstanceValidNumber": "А40-27010/2012",
          "InstanceOriginalNumber": "А40-27010/12",
          "InstanceLevel": 1,
          "CourtName": "АС города Москвы",
          "CourtTag": "MSK",
          "StartDate": "2012-02-09T00:00:00",
          "NextSessionDate": null,
          "NextSessionPlace": null,
          "CurrentSessionId": null,
          "SuspendUntil": null,
          "ClaimSum": 0.0,
          "SessionState": 0,
          "SessionBreak": null,
          "SessionEnd": null,
          "SessionStart": null,
          "FinalDocument": {
            "CaseId": "00000000-0000-0000-0000-000000000000",
            "InstanceId": "76ca1500-6186-4d27-998e-589f4c01f66f",
            "Id": "da28f099-53f3-449f-85ea-f58434244e7a",
            "Type": "Решения и постановления",
            "FinishInstance": 1,
            "ContentTypesIds": [
              "1c35af3f-06d5-4b90-b4be-5a3c4148d8be"
            ],
            "ContentTypes": [
              "Решение суда первой инстанции"
            ],
            "PublishDate": null,
            "DisplayDate": "12.12.2013",
            "AppealDate": "2014-01-13T00:00:00",
            "ActualDate": "2013-12-12T00:00:00",
            "ReasonDocumentId": null,
            "GeneralDecisionType": 1,
            "DecisionTypeId": "475df74b-3561-4d85-88fd-da5ca39fa722",
            "DecisionType": "Иск удовлетворить частично",
            "ClaimSum": 0.0,
            "IsStart": false,
            "IsAct": true,
            "Judges": [],
            "Declarers": [],
            "LinkedSideIds": null,
            "HearingDate": null,
            "HearingPlace": null,
            "FileName": "A40-27010-2012_20131212_Reshenija i postanovlenija.pdf",
            "AdditionalInfo": "",
            "SourceSystem": 0,
            "SystemDocumentType": 0,
            "SimpleJusticeFileState": 0,
            "AppealedDocuments": null,
            "AppealInstanceNumber": null,
            "AppealState": null,
            "AppealDescription": "",
            "Addressee": null,
            "IsDeleted": false,
            "DelReason": null,
            "ViewsCount": 0,
            "DelDate": null,
            "CanBeDeleted": false,
            "DocSession": null,
            "WithAttachment": false,
            "HasSignature": false,
            "ItemType": 0
          },
          "StartDocInfo": {
            "DocType": "Исковое заявление",
            "ApeealedType": null,
            "Declarers": [
              {
                "Id": "00000000-0000-0000-0000-000000000000",
                "Organization": "ГАЛФИС ОВЕРСИЗ ЛИМИТЕД",
                "Address": "125047, Москва, 2-я Брестская, 8, 15 этаж, Адвокатское бюро, Самохвалову А.А.",
                "Inn": "",
                "Ogrn": "",
                "Type": 0
              }
            ]
          },
          "IsFinished": false,
          "FinishState": 0,
          "Documents": []
        }
      ],
      "Judges": [
        {
          "InstanceLevel": 1,
          "Tag": "MSK",
          "Name": "АС города Москвы",
          "Judges": [
            {
              "Id": "96743d1a-ca39-4c2f-a5f2-94a2aa0c8b8f",
              "Name": "Лисицын К. В."
            }
          ]
        },
        {
          "InstanceLevel": 2,
          "Tag": "9AAS",
          "Name": "9 ААС",
          "Judges": [
            {
              "Id": "336adbc5-2d67-419d-87da-3fc7948b5ccf",
              "Name": "Гарипов В. С."
            },
            {
              "Id": "e5c824eb-b4db-496d-a2d0-44901961cf0e",
              "Name": "Кузнецова И. И."
            },
            {
              "Id": "414aff31-a2b0-4ca9-99f9-e56b0c85eaf1",
              "Name": "Смирнов О. В."
            }
          ]
        },
        {
          "InstanceLevel": 3,
          "Tag": "FASMO",
          "Name": "ФАС МО",
          "Judges": [
            {
              "Id": "223e0bae-5617-4948-92f0-f037f829c0fa",
              "Name": "Букина И. А."
            },
            {
              "Id": "df5a5360-e6f0-452c-b057-65744df02307",
              "Name": "Бусарова Л. В."
            },
            {
              "Id": "92ee4320-3cb3-4619-a120-5898efc6ee29",
              "Name": "Тетёркина С. И."
            },
            {
              "Id": "a594ff98-6f39-46a0-9148-6a6efb19446e",
              "Name": "Ядренцева М. Д."
            }
          ]
        }
      ],
      "Sides": {
        "Plaintiffs": [
          {
            "Id": "4140cca5-f490-4256-8d4c-69ee2b5a9758",
            "DoubleIds": [],
            "Type": "Истец",
            "Name": "ГАЛФИС ОВЕРСИЗ ЛИМИТЕД",
            "Address": "Данные скрыты",
            "SubjectCategory": null,
            "Inn": null,
            "Ogrn": null,
            "Okpo": null
          },
          {
            "Id": "83855f99-21ec-4d16-8fef-af76ccdf3895",
            "DoubleIds": [],
            "Type": "Заявитель",
            "Name": "Гурняк Ярослав Франкович",
            "Address": "Данные скрыты",
            "SubjectCategory": "гражданин",
            "Inn": null,
            "Ogrn": null,
            "Okpo": null
          },
          {
            "Id": "99af61bc-8a08-4e7f-a859-73d6003ebd9b",
            "DoubleIds": [],
            "Type": "Истец",
            "Name": "GALFIS OVERSEAS LIMITED",
            "Address": "Данные скрыты",
            "SubjectCategory": "Коммерческая организация иная",
            "Inn": null,
            "Ogrn": null,
            "Okpo": null
          },
          {
            "Id": "12416f1e-68eb-418e-8f68-9cc264ba3b37",
            "DoubleIds": [],
            "Type": "Заявитель",
            "Name": "Гурняк Я. Ф.",
            "Address": "Данные скрыты",
            "SubjectCategory": null,
            "Inn": null,
            "Ogrn": null,
            "Okpo": null
          },
          {
            "Id": "37b1994b-6e77-40de-977f-9fe9a8a07a71",
            "DoubleIds": [],
            "Type": "Истец",
            "Name": "Компания Галфис Оверсиз Лимитед",
            "Address": "127055, ул. Бутырский вал д. 68/70 стр. 4/5 Москва",
            "SubjectCategory": null,
            "Inn": null,
            "Ogrn": null,
            "Okpo": null
          }
        ],
        "Defendants": [
          {
            "Id": "0038dc35-b070-45e0-bd39-bfe6fcbb5d43",
            "DoubleIds": [],
            "Type": "Ответчик",
            "Name": "ООО \"Строительные технологии\"",
            "Address": "109649, Россия, Москва, Капотня 5-й кв-л, 11, стр. 2",
            "SubjectCategory": "Коммерческая организация иная",
            "Inn": "7723786452",
            "Ogrn": "1117746064611",
            "Okpo": null
          },
          {
            "Id": "4eee68ae-1e7d-4246-8384-7155565aa82f",
            "DoubleIds": [],
            "Type": "Ответчик",
            "Name": "ООО \"КОМПАНИЯ \"ФИНАНССТРОЙИНВЕСТМЕНТ\"",
            "Address": "107113, Россия, Москва, Сокольническая пл., д. 4А",
            "SubjectCategory": "Коммерческая организация иная",
            "Inn": "7717532844",
            "Ogrn": "1057747067883",
            "Okpo": null
          }
        ],
        "Third": [
          {
            "Id": "ea7a493b-348a-4a73-9092-ca41fe90d63a",
            "DoubleIds": [],
            "Type": "Третье лицо",
            "Name": "DEVTSNE INVESTMENT LIMITED",
            "Address": "Данные скрыты",
            "SubjectCategory": null,
            "Inn": null,
            "Ogrn": null,
            "Okpo": null
          },
          {
            "Id": "4e33f01c-f16b-4313-9633-0a07744cc2e0",
            "DoubleIds": [],
            "Type": "Третье лицо",
            "Name": "Demesne Investment Limited",
            "Address": "Данные скрыты",
            "SubjectCategory": "Коммерческая организация иная",
            "Inn": null,
            "Ogrn": null,
            "Okpo": null
          },
          {
            "Id": "27696018-26f7-4c16-8c69-cbc4dd8791c1",
            "DoubleIds": [],
            "Type": "Третье лицо",
            "Name": "Компания Демесне Инвестментс Лимитед",
            "Address": "115114, Дербеневская наб 11В Москва",
            "SubjectCategory": null,
            "Inn": null,
            "Ogrn": null,
            "Okpo": null
          }
        ],
        "Others": [
          {
            "Id": "8e9a1fca-8054-4be0-82d3-4034bd93bf08",
            "DoubleIds": [],
            "Type": "Заинтересованные лица",
            "Name": "Гурняк Я. Ф.",
            "Address": "Данные скрыты",
            "SubjectCategory": "Коммерческая организация иная",
            "Inn": null,
            "Ogrn": null,
            "Okpo": null
          }
        ]
      }
    },
    "Comment": "",
    "IsFavorite": false,
    "IsMonitored": false,
    "InFolders": [],
    "SideExclusions": null,
    "ResponsibleUser": null
  },
  "Success": true,
  "Timings": [
    "IsPaidUser 00:00:00.0580000"
  ]
}