{
  "Message": null,
  "ServerDate": "2014-05-29T23:50:01.0005577+04:00",
  "Result": {
    "ResponsibleUser": null,
    "EnglishName": "",
    "Fax": "",
    "Email": "",
    "Capital": "963199300",
    "Branches": [
      {
        "Okpo": "77895160",
        "Status": {
          "Date": "2004-05-25T00:00:00",
          "Value": {
            "Name": "активное",
            "ShortName": "активное"
          }
        },
        "Ogrn": "1041100412682",
        "Inn": "1101205461",
        "Name": "Корткеросский филиал Открытого акционерного общества \"Коми тепловая компания\"",
        "ShortName": "Корткеросский филиал ОАО \"Коми тепловая компания\"",
        "Region": {
          "Name": "87000 Республика Коми",
          "Code": null
        },
        "Address": null,
        "Phone": null,
        "Chief": {
          "Date": null,
          "Id": null,
          "Name": "Горькова Раиса Николаевна",
          "Post": null,
          "FullInfoReady": null
        },
        "MainOkved": {
          "Name": null,
          "Code": null
        },
        "Opf": null,
        "OwnershipType": {
          "Name": null,
          "Code": null
        },
        "BranchesCount": 0,
        "RegistrationDate": "25.05.2004г.",
        "BOOExistsYears": [],
        "IsUniqueName": false,
        "IsBranch": true,
        "IsMonitored": false,
        "InFolders": []
      },
      {
        "Okpo": "57443993",
        "Status": {
          "Date": "2004-05-25T00:00:00",
          "Value": {
            "Name": "активное",
            "ShortName": "активное"
          }
        },
        "Ogrn": "1041100412682",
        "Inn": "1101205461",
        "Name": "Усть-Цилемский филиал Открытого акционерного общества \"Коми тепловая компания\"",
        "ShortName": "Усть-Цилемский филиал ОАО \"Коми тепловая компания\"",
        "Region": {
          "Name": "87000 Республика Коми",
          "Code": null
        },
        "Address": null,
        "Phone": null,
        "Chief": {
          "Date": null,
          "Id": null,
          "Name": "Чупров Василий Михайлович",
          "Post": null,
          "FullInfoReady": null
        },
        "MainOkved": {
          "Name": null,
          "Code": null
        },
        "Opf": null,
        "OwnershipType": {
          "Name": null,
          "Code": null
        },
        "BranchesCount": 0,
        "RegistrationDate": "25.05.2004г.",
        "BOOExistsYears": [],
        "IsUniqueName": false,
        "IsBranch": true,
        "IsMonitored": false,
        "InFolders": []
      },
      {
        "Okpo": "77894019",
        "Status": {
          "Date": "2004-05-25T00:00:00",
          "Value": {
            "Name": "активное",
            "ShortName": "активное"
          }
        },
        "Ogrn": "1041100412682",
        "Inn": "1101205461",
        "Name": "Ижемский филиал Открытого акционерного общества \"Коми тепловая компания\"",
        "ShortName": "Ижемский филиал ОАО \"Коми тепловая компания\"",
        "Region": {
          "Name": "87000 Республика Коми",
          "Code": null
        },
        "Address": null,
        "Phone": null,
        "Chief": {
          "Date": null,
          "Id": null,
          "Name": "Истомин Игорь Николаевич",
          "Post": null,
          "FullInfoReady": null
        },
        "MainOkved": {
          "Name": null,
          "Code": null
        },
        "Opf": null,
        "OwnershipType": {
          "Name": null,
          "Code": null
        },
        "BranchesCount": 0,
        "RegistrationDate": "25.05.2004г.",
        "BOOExistsYears": [],
        "IsUniqueName": false,
        "IsBranch": true,
        "IsMonitored": false,
        "InFolders": []
      },
      {
        "Okpo": "77898508",
        "Status": {
          "Date": "2004-05-25T00:00:00",
          "Value": {
            "Name": "активное",
            "ShortName": "активное"
          }
        },
        "Ogrn": "1041100412682",
        "Inn": "1101205461",
        "Name": "Сысольский филиал Открытого акционерного общества \"Коми тепловая компания\"",
        "ShortName": "Сысольский филиал ОАО \"Коми тепловая компания\"",
        "Region": {
          "Name": "87000 Республика Коми",
          "Code": null
        },
        "Address": null,
        "Phone": null,
        "Chief": {
          "Date": null,
          "Id": null,
          "Name": "Беляев Иван Михайлович",
          "Post": null,
          "FullInfoReady": null
        },
        "MainOkved": {
          "Name": null,
          "Code": null
        },
        "Opf": null,
        "OwnershipType": {
          "Name": null,
          "Code": null
        },
        "BranchesCount": 0,
        "RegistrationDate": "25.05.2004г.",
        "BOOExistsYears": [],
        "IsUniqueName": false,
        "IsBranch": true,
        "IsMonitored": false,
        "InFolders": []
      },
      {
        "Okpo": "77894864",
        "Status": {
          "Date": "2004-05-25T00:00:00",
          "Value": {
            "Name": "активное",
            "ShortName": "активное"
          }
        },
        "Ogrn": "1041100412682",
        "Inn": "1101205461",
        "Name": "Усть-Куломский филиал Открытого акционерного общества \"Коми тепловая компания\"",
        "ShortName": "Усть-Куломский филиал ОАО \"Коми тепловая компания\"",
        "Region": {
          "Name": "87000 Республика Коми",
          "Code": null
        },
        "Address": null,
        "Phone": null,
        "Chief": {
          "Date": null,
          "Id": null,
          "Name": "Воробьев Виктор Владимирович",
          "Post": null,
          "FullInfoReady": null
        },
        "MainOkved": {
          "Name": null,
          "Code": null
        },
        "Opf": null,
        "OwnershipType": {
          "Name": null,
          "Code": null
        },
        "BranchesCount": 0,
        "RegistrationDate": "25.05.2004г.",
        "BOOExistsYears": [],
        "IsUniqueName": false,
        "IsBranch": true,
        "IsMonitored": false,
        "InFolders": []
      },
      {
        "Okpo": "77896099",
        "Status": {
          "Date": "2004-05-25T00:00:00",
          "Value": {
            "Name": "активное",
            "ShortName": "активное"
          }
        },
        "Ogrn": "1041100412682",
        "Inn": "1101205461",
        "Name": "Троицко-Печорский филиал Открытого акционерного общества \"Коми тепловая компания\"",
        "ShortName": "Троицко-Печорский филиал ОАО \"Коми тепловая компания\"",
        "Region": {
          "Name": "87000 Республика Коми",
          "Code": null
        },
        "Address": null,
        "Phone": null,
        "Chief": {
          "Date": null,
          "Id": null,
          "Name": "Гончар Петр Антонович",
          "Post": null,
          "FullInfoReady": null
        },
        "MainOkved": {
          "Name": null,
          "Code": null
        },
        "Opf": null,
        "OwnershipType": {
          "Name": null,
          "Code": null
        },
        "BranchesCount": 0,
        "RegistrationDate": "25.05.2004г.",
        "BOOExistsYears": [],
        "IsUniqueName": false,
        "IsBranch": true,
        "IsMonitored": false,
        "InFolders": []
      },
      {
        "Okpo": "75770721",
        "Status": {
          "Date": "2004-05-25T00:00:00",
          "Value": {
            "Name": "активное",
            "ShortName": "активное"
          }
        },
        "Ogrn": "1041100412682",
        "Inn": "1101205461",
        "Name": "Койгородский филиал Открытого акционерного общества \"Коми тепловая компания\"",
        "ShortName": "Койгородский филиал ОАО \"Коми тепловая компания\"",
        "Region": {
          "Name": "87000 Республика Коми",
          "Code": null
        },
        "Address": null,
        "Phone": null,
        "Chief": {
          "Date": null,
          "Id": null,
          "Name": "Синнер Павел Александрович",
          "Post": null,
          "FullInfoReady": null
        },
        "MainOkved": {
          "Name": null,
          "Code": null
        },
        "Opf": null,
        "OwnershipType": {
          "Name": null,
          "Code": null
        },
        "BranchesCount": 0,
        "RegistrationDate": "25.05.2004г.",
        "BOOExistsYears": [],
        "IsUniqueName": false,
        "IsBranch": true,
        "IsMonitored": false,
        "InFolders": []
      },
      {
        "Okpo": "77895958",
        "Status": {
          "Date": "2004-05-25T00:00:00",
          "Value": {
            "Name": "активное",
            "ShortName": "активное"
          }
        },
        "Ogrn": "1041100412682",
        "Inn": "1101205461",
        "Name": "Удорский филиал Открытого акционерного общества \"Коми тепловая компания\"",
        "ShortName": "Удорский филиал ОАО \"Коми тепловая компания\"",
        "Region": {
          "Name": "87000 Республика Коми",
          "Code": null
        },
        "Address": null,
        "Phone": null,
        "Chief": {
          "Date": null,
          "Id": null,
          "Name": "Самаров Андрей Юрьевич",
          "Post": null,
          "FullInfoReady": null
        },
        "MainOkved": {
          "Name": null,
          "Code": null
        },
        "Opf": null,
        "OwnershipType": {
          "Name": null,
          "Code": null
        },
        "BranchesCount": 0,
        "RegistrationDate": "25.05.2004г.",
        "BOOExistsYears": [],
        "IsUniqueName": false,
        "IsBranch": true,
        "IsMonitored": false,
        "InFolders": []
      }
    ],
    "HeadOrganization": null,
    "Okveds": [
      {
        "Name": "Консультирование по вопросам коммерческой деятельности и управления",
        "Code": "74.14"
      },
      {
        "Name": "Предоставление услуг в области лесозаготовок",
        "Code": "02.02.2"
      },
      {
        "Name": "Производство строительных металлических конструкций и изделий",
        "Code": "28.1"
      },
      {
        "Name": "Производство, передача и распределение пара и горячей воды (тепловой  энергии)",
        "Code": "40.30"
      },
      {
        "Name": "Строительство зданий и сооружений",
        "Code": "45.2"
      },
      {
        "Name": "Прочая оптовая торговля",
        "Code": "51.7"
      },
      {
        "Name": "Деятельность автомобильного грузового специализированного транспорта",
        "Code": "60.24.1"
      },
      {
        "Name": "Деятельность в области архитектуры, инженерно-техническое проектирование,  геолого-разведочные и геофизические работы, геодезическая и картографическая  деятельность, деятельность в области стандартизации и метрологии, деятельность  в области гидрометеорологии и смежных с ней областях, виды деятельности,  связанные с решением технических задач, не включенные в другие группировки",
        "Code": "74.2"
      },
      {
        "Name": "Работы по мониторингу состояния и загрязнения окружающей природной  среды",
        "Code": "74.20.55"
      },
      {
        "Name": "Испытания и анализ состава и чистоты материалов и веществ: анализ  химических и биологических свойств материалов и веществ (воздуха, воды,  бытовых и производственных отходов, топлива, металла, почвы, химических  веществ)",
        "Code": "74.30.1"
      },
      {
        "Name": "Основное общее, среднее (полное) общее, начальное и среднее  профессиональное образование",
        "Code": "80.2"
      }
    ],
    "Founders": [
      {
        "Order": 0,
        "Sum": "57345",
        "Percent": "0,01",
        "Id": 378462,
        "Okpo": "78723",
        "Status": {
          "Date": "0001-01-01T00:00:00",
          "Value": null
        },
        "Ogrn": null,
        "Inn": null,
        "Name": "Агентство Республики Коми по управлению имуществом",
        "ShortName": null,
        "Region": null,
        "Address": "167000, Респ Коми, г Сыктывкар, ул Интернациональная, д 108",
        "Phone": null,
        "Chief": null,
        "MainOkved": null,
        "Opf": null,
        "OwnershipType": null,
        "BranchesCount": 0,
        "RegistrationDate": null,
        "BOOExistsYears": null,
        "IsUniqueName": false,
        "IsBranch": false,
        "IsMonitored": false,
        "InFolders": []
      }
    ],
    "AffiliatedOrganizations": [
      {
        "Sum": "9900.00",
        "Percent": "99.00",
        "Capital": "10000.00",
        "RegistrationInfo": "1041100412682 oт 25.05.2004 ИМНС по г. Сыктывкару",
        "Okpo": "12879351",
        "Status": {
          "Date": "0001-01-01T00:00:00",
          "Value": {
            "Name": null,
            "ShortName": null
          }
        },
        "Ogrn": "1131105000400",
        "Inn": "1105022807",
        "Name": "Общество с ограниченной ответственностью \"Печорская районная тепловая компания\"",
        "ShortName": "ООО \"Печорская районная тепловая компания\"",
        "Region": null,
        "Address": "169600, Республика Коми, г Печора, просп Печорский, д 27/13",
        "Phone": null,
        "Chief": {
          "Date": null,
          "Id": null,
          "Name": null,
          "Post": null,
          "FullInfoReady": null
        },
        "MainOkved": {
          "Name": "Производство, передача и распределение пара и горячей воды (тепловой  энергии)",
          "Code": "40.30"
        },
        "Opf": {
          "Name": "Общества с ограниченной ответственностью",
          "Code": "12165"
        },
        "OwnershipType": {
          "Name": "Частная собственность",
          "Code": "16"
        },
        "BranchesCount": 0,
        "RegistrationDate": null,
        "BOOExistsYears": [],
        "IsUniqueName": false,
        "IsBranch": false,
        "IsMonitored": false,
        "InFolders": []
      },
      {
        "Sum": "9900.00",
        "Percent": "99.00",
        "Capital": "10000.00",
        "RegistrationInfo": "1041100412682 oт 25.05.2004 ИМНС по г. Сыктывкару",
        "Okpo": "38664263",
        "Status": {
          "Date": "0001-01-01T00:00:00",
          "Value": {
            "Name": null,
            "ShortName": null
          }
        },
        "Ogrn": "1121101008060",
        "Inn": "1101094409",
        "Name": "Общество с ограниченной ответственностью \"Транспортно-экспедиционная служба\"",
        "ShortName": "ООО \"Транспортно-экспедиционная служба\"",
        "Region": null,
        "Address": "167001, г Сыктывкар, ул Димитрова, д 10",
        "Phone": null,
        "Chief": {
          "Date": null,
          "Id": null,
          "Name": null,
          "Post": null,
          "FullInfoReady": null
        },
        "MainOkved": {
          "Name": "Деятельность автомобильного грузового специализированного транспорта",
          "Code": "60.24.1"
        },
        "Opf": {
          "Name": "Общества с ограниченной ответственностью",
          "Code": "12165"
        },
        "OwnershipType": {
          "Name": "Частная собственность",
          "Code": "16"
        },
        "BranchesCount": 0,
        "RegistrationDate": null,
        "BOOExistsYears": [],
        "IsUniqueName": false,
        "IsBranch": false,
        "IsMonitored": false,
        "InFolders": []
      },
      {
        "Sum": "9900.00",
        "Percent": "99.00",
        "Capital": "10000.00",
        "RegistrationInfo": "1041100412682 oт 25.05.2004 ИМНС по г. Сыктывкару",
        "Okpo": "38670364",
        "Status": {
          "Date": "0001-01-01T00:00:00",
          "Value": {
            "Name": null,
            "ShortName": null
          }
        },
        "Ogrn": "1121109000726",
        "Inn": "1109010658",
        "Name": "Общество с ограниченной ответственностью \"Сыктывдинская тепловая компания\"",
        "ShortName": "ООО \"Сыктывдинская тепловая компания\"",
        "Region": null,
        "Address": "168220, Республика Коми, Сыктывдинский район, с Выльгорт, шоссе Сысольское, д 1 а",
        "Phone": null,
        "Chief": {
          "Date": null,
          "Id": null,
          "Name": null,
          "Post": null,
          "FullInfoReady": null
        },
        "MainOkved": {
          "Name": "Производство, передача и распределение пара и горячей воды (тепловой  энергии)",
          "Code": "40.30"
        },
        "Opf": {
          "Name": "Общества с ограниченной ответственностью",
          "Code": "12165"
        },
        "OwnershipType": {
          "Name": "Частная собственность",
          "Code": "16"
        },
        "BranchesCount": 0,
        "RegistrationDate": null,
        "BOOExistsYears": [],
        "IsUniqueName": false,
        "IsBranch": false,
        "IsMonitored": false,
        "InFolders": []
      },
      {
        "Sum": "5000.00",
        "Percent": "25.00",
        "Capital": "20000.00",
        "RegistrationInfo": "1041100412682 от 25.05.2004 ИМНС по г Сыктывкару",
        "Okpo": "40813397",
        "Status": {
          "Date": "0001-01-01T00:00:00",
          "Value": {
            "Name": null,
            "ShortName": null
          }
        },
        "Ogrn": "1061106009766",
        "Inn": "1106020802",
        "Name": "Общество с ограниченной ответственностью Управляющая Компания \"Универсал-Плюс\"",
        "ShortName": "ООО Управляющая Компания \"Универсал-Плюс\"",
        "Region": null,
        "Address": "169711, Республика Коми, г Усинск, ул Парковая, д 7, кв 1",
        "Phone": null,
        "Chief": {
          "Date": null,
          "Id": null,
          "Name": null,
          "Post": null,
          "FullInfoReady": null
        },
        "MainOkved": {
          "Name": "Управление эксплуатацией жилого фонда",
          "Code": "70.32.1"
        },
        "Opf": {
          "Name": "Общества с ограниченной ответственностью",
          "Code": "12165"
        },
        "OwnershipType": {
          "Name": "Частная собственность",
          "Code": "16"
        },
        "BranchesCount": 0,
        "RegistrationDate": null,
        "BOOExistsYears": [],
        "IsUniqueName": false,
        "IsBranch": false,
        "IsMonitored": false,
        "InFolders": []
      },
      {
        "Sum": "9900.00",
        "Percent": "99.00",
        "Capital": "10000.00",
        "RegistrationInfo": "1041100412682 oт 25.05.2004 ИМНС по г. Сыктывкару",
        "Okpo": "64905922",
        "Status": {
          "Date": "0001-01-01T00:00:00",
          "Value": {
            "Name": null,
            "ShortName": null
          }
        },
        "Ogrn": "1101105000150",
        "Inn": "1105021218",
        "Name": "Общество с ограниченной ответственностью \"Тепловая Компания\" (открыто конкурсное производство)",
        "ShortName": "ООО \"Тепловая Компания\" (открыто конкурсное производство)",
        "Region": null,
        "Address": "169600, Республика Коми, г Печора, просп Печорский, д 27, корп 13",
        "Phone": null,
        "Chief": {
          "Date": null,
          "Id": null,
          "Name": null,
          "Post": null,
          "FullInfoReady": null
        },
        "MainOkved": {
          "Name": "Производство, передача и распределение пара и горячей воды (тепловой  энергии)",
          "Code": "40.30"
        },
        "Opf": {
          "Name": "Общества с ограниченной ответственностью",
          "Code": "12165"
        },
        "OwnershipType": {
          "Name": "Частная собственность",
          "Code": "16"
        },
        "BranchesCount": 0,
        "RegistrationDate": null,
        "BOOExistsYears": [],
        "IsUniqueName": false,
        "IsBranch": false,
        "IsMonitored": false,
        "InFolders": []
      },
      {
        "Sum": "10000.00",
        "Percent": "100.00",
        "Capital": "10000.00",
        "RegistrationInfo": "1041100412682 oт 25.05.2004 ИМНС по г. Сыктывкару",
        "Okpo": "81028836",
        "Status": {
          "Date": "0001-01-01T00:00:00",
          "Value": {
            "Name": null,
            "ShortName": null
          }
        },
        "Ogrn": "1071108002900",
        "Inn": "1108017450",
        "Name": "Общество с ограниченной ответственностью \"Сосногорская Тепловая Компания\"",
        "ShortName": "ООО \"Сосногорская Тепловая Компания\"",
        "Region": null,
        "Address": "169500, Республика Коми, г Сосногорск, ул Энергетиков, д 14",
        "Phone": null,
        "Chief": {
          "Date": null,
          "Id": null,
          "Name": null,
          "Post": null,
          "FullInfoReady": null
        },
        "MainOkved": {
          "Name": "Производство, передача и распределение пара и горячей воды (тепловой  энергии)",
          "Code": "40.30"
        },
        "Opf": {
          "Name": "Общества с ограниченной ответственностью",
          "Code": "12165"
        },
        "OwnershipType": {
          "Name": "Частная собственность",
          "Code": "16"
        },
        "BranchesCount": 0,
        "RegistrationDate": null,
        "BOOExistsYears": [],
        "IsUniqueName": false,
        "IsBranch": false,
        "IsMonitored": false,
        "InFolders": []
      },
      {
        "Sum": "10000.00",
        "Percent": "100.00",
        "Capital": "10000.00",
        "RegistrationInfo": "1041100412682 от 25.05.2004 ИМНС по г. Сыктывкару",
        "Okpo": "81029161",
        "Status": {
          "Date": "0001-01-01T00:00:00",
          "Value": {
            "Name": null,
            "ShortName": null
          }
        },
        "Ogrn": "1071103003751",
        "Inn": "1103042068",
        "Name": "Общество с ограниченной ответственностью \"Воркутинская Тепловая Компания\"",
        "ShortName": "ООО \"Воркутинская Тепловая Компания\"",
        "Region": null,
        "Address": "169912, Республика Коми, г Воркута, ул Димитрова, д 5А",
        "Phone": null,
        "Chief": {
          "Date": null,
          "Id": null,
          "Name": null,
          "Post": null,
          "FullInfoReady": null
        },
        "MainOkved": {
          "Name": "Производство, передача и распределение пара и горячей воды (тепловой  энергии)",
          "Code": "40.30"
        },
        "Opf": {
          "Name": "Общества с ограниченной ответственностью",
          "Code": "12165"
        },
        "OwnershipType": {
          "Name": "Частная собственность",
          "Code": "16"
        },
        "BranchesCount": 0,
        "RegistrationDate": null,
        "BOOExistsYears": [],
        "IsUniqueName": false,
        "IsBranch": false,
        "IsMonitored": false,
        "InFolders": []
      },
      {
        "Sum": "10000.00",
        "Percent": "100.00",
        "Capital": "10000.00",
        "RegistrationInfo": "1041100412682 oт 25.05.2004 ИМНС по г. Сыктывкару",
        "Okpo": "81029238",
        "Status": {
          "Date": "0001-01-01T00:00:00",
          "Value": {
            "Name": null,
            "ShortName": null
          }
        },
        "Ogrn": "1071102002817",
        "Inn": "1107005525",
        "Name": "Общество с ограниченной ответственностью \"Вуктыльская Тепловая Компания\" (открыто конкурсное производство)",
        "ShortName": "ООО \"Вуктыльская Тепловая Компания\" (открыто конкурсное производство)",
        "Region": null,
        "Address": "169570, Республика Коми, г Вуктыл, проезд Пионерский, д 1а",
        "Phone": null,
        "Chief": {
          "Date": null,
          "Id": null,
          "Name": null,
          "Post": null,
          "FullInfoReady": null
        },
        "MainOkved": {
          "Name": "Производство, передача и распределение пара и горячей воды (тепловой  энергии)",
          "Code": "40.30"
        },
        "Opf": {
          "Name": "Общества с ограниченной ответственностью",
          "Code": "12165"
        },
        "OwnershipType": {
          "Name": "Частная собственность",
          "Code": "16"
        },
        "BranchesCount": 0,
        "RegistrationDate": null,
        "BOOExistsYears": [],
        "IsUniqueName": false,
        "IsBranch": false,
        "IsMonitored": false,
        "InFolders": []
      },
      {
        "Sum": "39209100.00",
        "Percent": "100.00",
        "Capital": "39209100.00",
        "RegistrationInfo": "1041100412682 oт 25.05.2004 ИМНС по г. Сыктывкару",
        "Okpo": "81039352",
        "Status": {
          "Date": "0001-01-01T00:00:00",
          "Value": {
            "Name": null,
            "ShortName": null
          }
        },
        "Ogrn": "1071102004159",
        "Inn": "1102056942",
        "Name": "Общество с ограниченной ответственностью \"Ухтинская Тепловая Компания\"",
        "ShortName": "ООО \"Ухтинская Тепловая Компания\"",
        "Region": null,
        "Address": "169300, Республика Коми, г Ухта, ул Горького, д 8",
        "Phone": null,
        "Chief": {
          "Date": null,
          "Id": null,
          "Name": null,
          "Post": null,
          "FullInfoReady": null
        },
        "MainOkved": {
          "Name": "Производство, передача и распределение пара и горячей воды (тепловой  энергии)",
          "Code": "40.30"
        },
        "Opf": {
          "Name": "Общества с ограниченной ответственностью",
          "Code": "12165"
        },
        "OwnershipType": {
          "Name": "Частная собственность",
          "Code": "16"
        },
        "BranchesCount": 0,
        "RegistrationDate": null,
        "BOOExistsYears": [],
        "IsUniqueName": false,
        "IsBranch": false,
        "IsMonitored": false,
        "InFolders": []
      },
      {
        "Sum": "9900.00",
        "Percent": "99.00",
        "Capital": "10000.00",
        "RegistrationInfo": "1041100412682 oт 25.05.2004 ИМНС по г. Сыктывкару",
        "Okpo": "89785962",
        "Status": {
          "Date": "0001-01-01T00:00:00",
          "Value": {
            "Name": null,
            "ShortName": null
          }
        },
        "Ogrn": "1091104000129",
        "Inn": "1104012362",
        "Name": "Общество с ограниченной ответственностью \"Тепловая Компания\"",
        "ShortName": "ООО \"Тепловая Компания\"",
        "Region": null,
        "Address": "169849, Республика Коми, г Инта, ул Пролетарская, д 13",
        "Phone": null,
        "Chief": {
          "Date": null,
          "Id": null,
          "Name": null,
          "Post": null,
          "FullInfoReady": null
        },
        "MainOkved": {
          "Name": "Производство, передача и распределение пара и горячей воды (тепловой  энергии)",
          "Code": "40.30"
        },
        "Opf": {
          "Name": "Общества с ограниченной ответственностью",
          "Code": "12165"
        },
        "OwnershipType": {
          "Name": "Частная собственность",
          "Code": "16"
        },
        "BranchesCount": 0,
        "RegistrationDate": null,
        "BOOExistsYears": [],
        "IsUniqueName": false,
        "IsBranch": false,
        "IsMonitored": false,
        "InFolders": []
      }
    ],
    "IsFavorite": false,
    "Comment": null,
    "LastUpdate": "2014-05-29T19:49:11",
    "ChiefHistory": [
      {
        "Date": "2014-05-29T19:49:11",
        "Id": 622475,
        "Name": "ОСМАНОВ МАГОМЕД НУРМАГОМЕДОВИЧ",
        "Post": "ГЕНЕРАЛЬНЫЙ ДИРЕКТОР",
        "FullInfoReady": null
      },
      {
        "Date": "2014-05-29T19:49:11",
        "Id": 557218,
        "Name": "ЛЕВОШКИН ГЕННАДИЙ ВИКТОРОВИЧ",
        "Post": "ГЕНЕРАЛЬНЫЙ ДИРЕКТОР",
        "FullInfoReady": null
      }
    ],
    "IsFromMultistat": true,
    "StorageId": 512876,
    "OrganizationId": null,
    "IsFnsDataFilled": true,
    "IsAffiliatedFilled": false,
    "IsCasesChecked": null,
    "PreviousNames": [],
    "IsAbsent": false,
    "Okpo": "3326601",
    "Status": {
      "Date": "2010-08-27T00:00:00",
      "Value": {
        "Name": "действующее",
        "ShortName": "активное"
      }
    },
    "Ogrn": "1041100412682",
    "Inn": "1101205461",
    "Name": "Открытое акционерное общество \"Коми тепловая компания\"",
    "ShortName": "ОАО \"КТК\"",
    "Region": {
      "Name": "Республика Коми, г. Сыктывкар",
      "Code": "87401000000"
    },
    "Address": "167001, Респ КОМИ, г СЫКТЫВКАР, ул ДИМИТРОВА, д 10",
    "Phone": "8212-310847",
    "Chief": {
      "Date": "2014-05-29T19:49:11",
      "Id": 622475,
      "Name": "ОСМАНОВ МАГОМЕД НУРМАГОМЕДОВИЧ",
      "Post": "ГЕНЕРАЛЬНЫЙ ДИРЕКТОР",
      "FullInfoReady": null
    },
    "MainOkved": {
      "Name": "Консультирование по вопросам коммерческой деятельности и управления",
      "Code": "74.14"
    },
    "Opf": {
      "Name": "Открытые акционерные общества",
      "Code": "12247"
    },
    "OwnershipType": {
      "Name": "Частная собственность",
      "Code": "16"
    },
    "BranchesCount": 0,
    "RegistrationDate": "25.05.2004г.",
    "BOOExistsYears": [],
    "IsUniqueName": true,
    "IsBranch": false,
    "IsMonitored": false,
    "InFolders": []
  },
  "Success": true,
  "Timings": [
    "BusinessCard 00:00:00.0320000",
    "FillInnAndOgrn 00:00:00.0250000"
  ]
}