{
  "Message": null,
  "ServerDate": "2014-05-29T19:53:31.0005848+04:00",
  "Result": {
    "ResponsibleUser": null,
    "EnglishName": "",
    "Fax": "643-14-01",
    "Email": "",
    "Capital": "1000000000",
    "Branches": [
      {
        "Okpo": "98038141",
        "Status": {
          "Date": "2002-11-14T00:00:00",
          "Value": {
            "Name": "активное",
            "ShortName": "активное"
          }
        },
        "Ogrn": "1027700431296",
        "Inn": "7710401987",
        "Name": "Средневолжский филиал Закрытого акционерного общества Коммерческого банка \"Ситибанк\"",
        "ShortName": "Средневолжский филиал ЗАО Коммерческого банка \"Ситибанк\"",
        "Region": {
          "Name": "36000 Самарская область",
          "Code": null
        },
        "Address": null,
        "Phone": null,
        "Chief": {
          "Date": null,
          "Id": null,
          "Name": "Чеверноженко Елена Александровна",
          "Post": null,
          "FullInfoReady": null
        },
        "MainOkved": {
          "Name": null,
          "Code": null
        },
        "Opf": null,
        "OwnershipType": {
          "Name": null,
          "Code": null
        },
        "BranchesCount": 0,
        "RegistrationDate": "14.11.2002г.",
        "BOOExistsYears": [],
        "IsUniqueName": false,
        "IsBranch": true,
        "IsMonitored": false,
        "InFolders": []
      },
      {
        "Okpo": "97811099",
        "Status": {
          "Date": "2002-11-14T00:00:00",
          "Value": {
            "Name": "активное",
            "ShortName": "активное"
          }
        },
        "Ogrn": "1027700431296",
        "Inn": "7710401987",
        "Name": "Донской филиал Закрытого акционерного общества коммерческого банка \"Ситибанк\"",
        "ShortName": "Донской филиал ЗАО коммерческого банка \"Ситибанк\"",
        "Region": {
          "Name": "60000 Ростовская область",
          "Code": null
        },
        "Address": null,
        "Phone": null,
        "Chief": {
          "Date": null,
          "Id": null,
          "Name": "Артамонов Сергей Александрович",
          "Post": null,
          "FullInfoReady": null
        },
        "MainOkved": {
          "Name": null,
          "Code": null
        },
        "Opf": null,
        "OwnershipType": {
          "Name": null,
          "Code": null
        },
        "BranchesCount": 0,
        "RegistrationDate": "14.11.2002г.",
        "BOOExistsYears": [],
        "IsUniqueName": false,
        "IsBranch": true,
        "IsMonitored": false,
        "InFolders": []
      },
      {
        "Okpo": "82014859",
        "Status": {
          "Date": "2002-11-14T00:00:00",
          "Value": {
            "Name": "активное",
            "ShortName": "активное"
          }
        },
        "Ogrn": "1027700431296",
        "Inn": "7710401987",
        "Name": "Волгоградский филиал Закрытого акционерного общества Коммерческого банка \"Ситибанк\"",
        "ShortName": "Волгоградский филиал ЗАО Коммерческого банка \"Ситибанк\"",
        "Region": {
          "Name": "18000 Волгоградская область",
          "Code": null
        },
        "Address": null,
        "Phone": null,
        "Chief": {
          "Date": null,
          "Id": null,
          "Name": "Годунов Артем Евгеньевич",
          "Post": null,
          "FullInfoReady": null
        },
        "MainOkved": {
          "Name": null,
          "Code": null
        },
        "Opf": null,
        "OwnershipType": {
          "Name": null,
          "Code": null
        },
        "BranchesCount": 0,
        "RegistrationDate": "14.11.2002г.",
        "BOOExistsYears": [],
        "IsUniqueName": false,
        "IsBranch": true,
        "IsMonitored": false,
        "InFolders": []
      },
      {
        "Okpo": "43459430",
        "Status": {
          "Date": "2002-11-14T00:00:00",
          "Value": {
            "Name": "активное",
            "ShortName": "активное"
          }
        },
        "Ogrn": "1027700431296",
        "Inn": "7831001599",
        "Name": "ФИЛИАЛ КОММЕРЧЕСКОГО БАНКА \"СИТИБАНК\" (ЗАКРЫТОГО АКЦИНЕРНОГО ОБЩЕСТВА) В ГОРОДЕ САНКТ-ПЕТЕРБУРГЕ",
        "ShortName": "ФИЛИАЛ КОММЕРЧЕСКОГО БАНКА \"СИТИБАНК\" (ЗАКРЫТОГО АКЦИНЕРНОГО ОБЩЕСТВА) В ГОРОДЕ САНКТ-ПЕТЕРБУРГЕ",
        "Region": {
          "Name": "40000 г.Санкт-Петербург",
          "Code": null
        },
        "Address": null,
        "Phone": null,
        "Chief": {
          "Date": null,
          "Id": null,
          "Name": "Беляев Руслан Валерьевич",
          "Post": null,
          "FullInfoReady": null
        },
        "MainOkved": {
          "Name": null,
          "Code": null
        },
        "Opf": null,
        "OwnershipType": {
          "Name": null,
          "Code": null
        },
        "BranchesCount": 0,
        "RegistrationDate": "14.11.2002г.",
        "BOOExistsYears": [],
        "IsUniqueName": false,
        "IsBranch": true,
        "IsMonitored": false,
        "InFolders": []
      },
      {
        "Okpo": "99461686",
        "Status": {
          "Date": "2002-11-14T00:00:00",
          "Value": {
            "Name": "активное",
            "ShortName": "активное"
          }
        },
        "Ogrn": "1027700431296",
        "Inn": "7710401987",
        "Name": "Приволжский филиал Закрытого акционерного общества коммерческого банка \"Ситибанк\"",
        "ShortName": "Приволжский филиал ЗАО коммерческого банка \"Ситибанк\"",
        "Region": {
          "Name": "22000 Нижегородская область",
          "Code": null
        },
        "Address": null,
        "Phone": null,
        "Chief": {
          "Date": null,
          "Id": null,
          "Name": "Нелюбов Владимир Александрович",
          "Post": null,
          "FullInfoReady": null
        },
        "MainOkved": {
          "Name": null,
          "Code": null
        },
        "Opf": null,
        "OwnershipType": {
          "Name": null,
          "Code": null
        },
        "BranchesCount": 0,
        "RegistrationDate": "14.11.2002г.",
        "BOOExistsYears": [],
        "IsUniqueName": false,
        "IsBranch": true,
        "IsMonitored": false,
        "InFolders": []
      },
      {
        "Okpo": "99953030",
        "Status": {
          "Date": "2002-11-14T00:00:00",
          "Value": {
            "Name": "активное",
            "ShortName": "активное"
          }
        },
        "Ogrn": "1027700431296",
        "Inn": "7710401987",
        "Name": "Уральский филиал Закрытого акционерного общества коммерческого банка \"Ситибанк\"",
        "ShortName": "Уральский филиал ЗАО коммерческого банка \"Ситибанк\"",
        "Region": {
          "Name": "65000 Свердловская область",
          "Code": null
        },
        "Address": null,
        "Phone": null,
        "Chief": {
          "Date": null,
          "Id": null,
          "Name": "Тодосийчук Антон Викторович",
          "Post": null,
          "FullInfoReady": null
        },
        "MainOkved": {
          "Name": null,
          "Code": null
        },
        "Opf": null,
        "OwnershipType": {
          "Name": null,
          "Code": null
        },
        "BranchesCount": 0,
        "RegistrationDate": "14.11.2002г.",
        "BOOExistsYears": [],
        "IsUniqueName": false,
        "IsBranch": true,
        "IsMonitored": false,
        "InFolders": []
      },
      {
        "Okpo": "88107256",
        "Status": {
          "Date": "2002-11-14T00:00:00",
          "Value": {
            "Name": "активное",
            "ShortName": "активное"
          }
        },
        "Ogrn": "1027700431296",
        "Inn": "7710401987",
        "Name": "Филиал \"Башкортостан\" Закрытого акционерного общества коммерческого банка \"Ситибанк\"",
        "ShortName": "Филиал \"Башкортостан\" ЗАО коммерческого банка \"Ситибанк\"",
        "Region": {
          "Name": "80000 Республика Башкортостан",
          "Code": null
        },
        "Address": null,
        "Phone": null,
        "Chief": {
          "Date": null,
          "Id": null,
          "Name": "Юмагужин Альберт Римович",
          "Post": null,
          "FullInfoReady": null
        },
        "MainOkved": {
          "Name": null,
          "Code": null
        },
        "Opf": null,
        "OwnershipType": {
          "Name": null,
          "Code": null
        },
        "BranchesCount": 0,
        "RegistrationDate": "14.11.2002г.",
        "BOOExistsYears": [],
        "IsUniqueName": false,
        "IsBranch": true,
        "IsMonitored": false,
        "InFolders": []
      },
      {
        "Okpo": "9722930",
        "Status": {
          "Date": "2002-11-14T00:00:00",
          "Value": {
            "Name": "активное",
            "ShortName": "активное"
          }
        },
        "Ogrn": "1027700431296",
        "Inn": "7710401987",
        "Name": "Операционный офис \"Казанский\" Приволжского филиала ЗАО КБ \"Ситибанк\"",
        "ShortName": "Операционный офис \"Казанский\" Приволжского филиала ЗАО КБ \"Ситибанк\"",
        "Region": {
          "Name": "92000 Республика Татарстан",
          "Code": null
        },
        "Address": null,
        "Phone": null,
        "Chief": {
          "Date": null,
          "Id": null,
          "Name": "Бармашов Олег Анатольевич",
          "Post": null,
          "FullInfoReady": null
        },
        "MainOkved": {
          "Name": null,
          "Code": null
        },
        "Opf": null,
        "OwnershipType": {
          "Name": null,
          "Code": null
        },
        "BranchesCount": 0,
        "RegistrationDate": "14.11.2002г.",
        "BOOExistsYears": [],
        "IsUniqueName": false,
        "IsBranch": true,
        "IsMonitored": false,
        "InFolders": []
      }
    ],
    "HeadOrganization": null,
    "Okveds": [
      {
        "Name": "Прочее денежное посредничество",
        "Code": "65.12"
      }
    ],
    "Founders": [],
    "AffiliatedOrganizations": [
      {
        "Sum": "1688368.00",
        "Percent": "7.94",
        "Capital": "21264081.37",
        "RegistrationInfo": "1027700431296 ОТ 14.11.2002 МЕЖРАЙОННАЯ ИНСПЕКЦИЯ",
        "Okpo": "44434",
        "Status": {
          "Date": "0001-01-01T00:00:00",
          "Value": {
            "Name": null,
            "ShortName": null
          }
        },
        "Ogrn": "1027700035769",
        "Inn": "7708004767",
        "Name": "Открытое акционерное общество \"Нефтяная компания \"ЛУКОЙЛ\"",
        "ShortName": "ОАО \"Нефтяная компания \"ЛУКОЙЛ\"",
        "Region": null,
        "Address": "101000, г Москва, бульв Сретенский, д 11",
        "Phone": null,
        "Chief": {
          "Date": null,
          "Id": null,
          "Name": null,
          "Post": null,
          "FullInfoReady": null
        },
        "MainOkved": {
          "Name": "Геолого-разведочные, геофизические и геохимические работы в области  изучения недр",
          "Code": "74.20.2"
        },
        "Opf": {
          "Name": "Открытые акционерные общества",
          "Code": "12247"
        },
        "OwnershipType": {
          "Name": "Частная собственность",
          "Code": "16"
        },
        "BranchesCount": 0,
        "RegistrationDate": null,
        "BOOExistsYears": [],
        "IsUniqueName": false,
        "IsBranch": false,
        "IsMonitored": false,
        "InFolders": []
      },
      {
        "Sum": "1246301.00",
        "Percent": "26.21",
        "Capital": "4754238.00",
        "RegistrationInfo": "МИ МНС РОССИИ N 39 ОТ 14.11.2002 N 10277000431296",
        "Okpo": "64537",
        "Status": {
          "Date": "0001-01-01T00:00:00",
          "Value": {
            "Name": null,
            "ShortName": null
          }
        },
        "Ogrn": "1027739026270",
        "Inn": "7707017509",
        "Name": "Открытое акционерное общество \"Нефтегазовая компания \"Славнефть\"",
        "ShortName": "ОАО \"Нефтегазовая компания \"Славнефть\"",
        "Region": null,
        "Address": "125047, г Москва, пер 4-й Лесной, д 4",
        "Phone": null,
        "Chief": {
          "Date": null,
          "Id": null,
          "Name": null,
          "Post": null,
          "FullInfoReady": null
        },
        "MainOkved": {
          "Name": "Деятельность по управлению холдинг-компаниями",
          "Code": "74.15.2"
        },
        "Opf": {
          "Name": "Открытые акционерные общества",
          "Code": "12247"
        },
        "OwnershipType": {
          "Name": "Частная собственность",
          "Code": "16"
        },
        "BranchesCount": 0,
        "RegistrationDate": null,
        "BOOExistsYears": [],
        "IsUniqueName": false,
        "IsBranch": false,
        "IsMonitored": false,
        "InFolders": []
      },
      {
        "Sum": "30000.00",
        "Percent": "0.08",
        "Capital": "37878122.40",
        "RegistrationInfo": "1027700431296 от 14.11.2002",
        "Okpo": "117794",
        "Status": {
          "Date": "0001-01-01T00:00:00",
          "Value": {
            "Name": null,
            "ShortName": null
          }
        },
        "Ogrn": "1027739318815",
        "Inn": "7734047608",
        "Name": "Открытое Акционерное Общество \"Трест Гидромонтаж\"",
        "ShortName": "ОАО \"Трест Гидромонтаж\"",
        "Region": null,
        "Address": "123423, г Москва, наб Карамышевская, д 37",
        "Phone": null,
        "Chief": {
          "Date": null,
          "Id": null,
          "Name": null,
          "Post": null,
          "FullInfoReady": null
        },
        "MainOkved": {
          "Name": "Разборка и снос зданий, производство земляных работ",
          "Code": "45.11"
        },
        "Opf": {
          "Name": "Открытые акционерные общества",
          "Code": "12247"
        },
        "OwnershipType": {
          "Name": "Смешанная российская собственность с долей федеральной собственности",
          "Code": "41"
        },
        "BranchesCount": 0,
        "RegistrationDate": null,
        "BOOExistsYears": [],
        "IsUniqueName": false,
        "IsBranch": false,
        "IsMonitored": false,
        "InFolders": []
      },
      {
        "Sum": "1906.88",
        "Percent": "2.01",
        "Capital": "94869.80",
        "RegistrationInfo": "1027700431296 ОТ 14.11.2002 МЕЖРАЙОННАЯ ИНСПЕКЦИЯ",
        "Okpo": "121241",
        "Status": {
          "Date": "0001-01-01T00:00:00",
          "Value": {
            "Name": null,
            "ShortName": null
          }
        },
        "Ogrn": "1027700184951",
        "Inn": "7710111808",
        "Name": "Открытое акционерное общество \"Е4-Центрэнергомонтаж\"",
        "ShortName": "ОАО \"Е4-Центрэнергомонтаж\"",
        "Region": null,
        "Address": "109012, г Москва, пер Большой Черкасский, д 8/6",
        "Phone": null,
        "Chief": {
          "Date": null,
          "Id": null,
          "Name": null,
          "Post": null,
          "FullInfoReady": null
        },
        "MainOkved": {
          "Name": "Предоставление услуг по монтажу, ремонту и техническому обслуживанию  паровых котлов, кроме котлов центрального отопления",
          "Code": "28.30.9"
        },
        "Opf": {
          "Name": "Открытые акционерные общества",
          "Code": "12247"
        },
        "OwnershipType": {
          "Name": "Иная смешанная российская собственность",
          "Code": "49"
        },
        "BranchesCount": 0,
        "RegistrationDate": null,
        "BOOExistsYears": [],
        "IsUniqueName": false,
        "IsBranch": false,
        "IsMonitored": false,
        "InFolders": []
      },
      {
        "Sum": "1430.00",
        "Percent": "0.04",
        "Capital": "3562066.00",
        "RegistrationInfo": "1027700431296 от 18.06.2010",
        "Okpo": "135361",
        "Status": {
          "Date": "0001-01-01T00:00:00",
          "Value": {
            "Name": null,
            "ShortName": null
          }
        },
        "Ogrn": "1021801147774",
        "Inn": "1831034040",
        "Name": "Открытое акционерное общество \"Удмуртнефть\"",
        "ShortName": "ОАО \"Удмуртнефть\"",
        "Region": null,
        "Address": "426057, г Ижевск, ул Красноармейская,182",
        "Phone": null,
        "Chief": {
          "Date": null,
          "Id": null,
          "Name": null,
          "Post": null,
          "FullInfoReady": null
        },
        "MainOkved": {
          "Name": "Добыча сырой нефти и нефтяного (попутного) газа",
          "Code": "11.10.11"
        },
        "Opf": {
          "Name": "Открытые акционерные общества",
          "Code": "12247"
        },
        "OwnershipType": {
          "Name": "Совместная собственность субъектов Российской Федерации и иностранная собственность",
          "Code": "32"
        },
        "BranchesCount": 0,
        "RegistrationDate": null,
        "BOOExistsYears": [],
        "IsUniqueName": false,
        "IsBranch": false,
        "IsMonitored": false,
        "InFolders": []
      },
      {
        "Sum": "330.56",
        "Percent": "0.04",
        "Capital": "826409.00",
        "RegistrationInfo": "г Москва 1027700431296",
        "Okpo": "136283",
        "Status": {
          "Date": "0001-01-01T00:00:00",
          "Value": {
            "Name": null,
            "ShortName": null
          }
        },
        "Ogrn": "1026403339302",
        "Inn": "6450011500",
        "Name": "Открытое акционерное общество \"Саратовнефтегаз\"",
        "ShortName": "ОАО \"Саратовнефтегаз\"",
        "Region": null,
        "Address": "410056, г Саратов, ул им Сакко и Ванцетти, д 21",
        "Phone": null,
        "Chief": {
          "Date": null,
          "Id": null,
          "Name": null,
          "Post": null,
          "FullInfoReady": null
        },
        "MainOkved": {
          "Name": "Добыча сырой нефти и нефтяного (попутного) газа",
          "Code": "11.10.11"
        },
        "Opf": {
          "Name": "Открытые акционерные общества",
          "Code": "12247"
        },
        "OwnershipType": {
          "Name": "Частная собственность",
          "Code": "16"
        },
        "BranchesCount": 0,
        "RegistrationDate": null,
        "BOOExistsYears": [],
        "IsUniqueName": false,
        "IsBranch": false,
        "IsMonitored": false,
        "InFolders": []
      },
      {
        "Sum": "355000.00",
        "Percent": "0.04",
        "Capital": "826919375.00",
        "RegistrationInfo": "Г. МОСКВА УЛ. ГАШЕКА 8-10",
        "Okpo": "153815",
        "Status": {
          "Date": "0001-01-01T00:00:00",
          "Value": {
            "Name": null,
            "ShortName": null
          }
        },
        "Ogrn": "1021401062187",
        "Inn": "1435032049",
        "Name": "Открытое акционерное общество \"Якутская топливно-энергетическая компания\"",
        "ShortName": "ОАО \"Якутская топливно-энергетическая компания\"",
        "Region": null,
        "Address": "678214, Республика Саха (Якутия), Вилюйский улус, рп Кысыл-Сыр, ул Ленина, д 4",
        "Phone": null,
        "Chief": {
          "Date": null,
          "Id": null,
          "Name": null,
          "Post": null,
          "FullInfoReady": null
        },
        "MainOkved": {
          "Name": "Добыча природного газа и газового конденсата",
          "Code": "11.10.2"
        },
        "Opf": {
          "Name": "Открытые акционерные общества",
          "Code": "12247"
        },
        "OwnershipType": {
          "Name": "Частная собственность",
          "Code": "16"
        },
        "BranchesCount": 0,
        "RegistrationDate": null,
        "BOOExistsYears": [],
        "IsUniqueName": false,
        "IsBranch": false,
        "IsMonitored": false,
        "InFolders": []
      },
      {
        "Sum": "1775.00",
        "Percent": "0.71",
        "Capital": "250126.00",
        "RegistrationInfo": "1027700431296",
        "Okpo": "186720",
        "Status": {
          "Date": "0001-01-01T00:00:00",
          "Value": {
            "Name": null,
            "ShortName": null
          }
        },
        "Ogrn": "1023802658714",
        "Inn": "3834002314",
        "Name": "Открытое акционерное общество \"Коршуновский горно-обогатительный комбинат\"",
        "ShortName": "ОАО \"Коршуновский горно-обогатительный комбинат\"",
        "Region": null,
        "Address": "665651, Иркутская область, г Железногорск-Илимский, ул Иващенко, д 9А/1",
        "Phone": null,
        "Chief": {
          "Date": null,
          "Id": null,
          "Name": null,
          "Post": null,
          "FullInfoReady": null
        },
        "MainOkved": {
          "Name": "Добыча железных руд открытым способом",
          "Code": "13.10.2"
        },
        "Opf": {
          "Name": "Открытые акционерные общества",
          "Code": "12247"
        },
        "OwnershipType": {
          "Name": "Частная собственность",
          "Code": "16"
        },
        "BranchesCount": 0,
        "RegistrationDate": null,
        "BOOExistsYears": [],
        "IsUniqueName": false,
        "IsBranch": false,
        "IsMonitored": false,
        "InFolders": []
      },
      {
        "Sum": "5424131.50",
        "Percent": "2.23",
        "Capital": "243234600.00",
        "RegistrationInfo": "1027700431296",
        "Okpo": "187085",
        "Status": {
          "Date": "0001-01-01T00:00:00",
          "Value": {
            "Name": null,
            "ShortName": null
          }
        },
        "Ogrn": "1026601501563",
        "Inn": "6625004698",
        "Name": "Открытое акционерное общество \"Первоуральский динасовый завод\"",
        "ShortName": "ОАО \"Первоуральский динасовый завод\"",
        "Region": null,
        "Address": "623103, Свердловская область, г Первоуральск, ул Ильича, д 1",
        "Phone": null,
        "Chief": {
          "Date": null,
          "Id": null,
          "Name": null,
          "Post": null,
          "FullInfoReady": null
        },
        "MainOkved": {
          "Name": "Производство огнеупоров",
          "Code": "26.26"
        },
        "Opf": {
          "Name": "Открытые акционерные общества",
          "Code": "12247"
        },
        "OwnershipType": {
          "Name": "Совместная частная и иностранная собственность",
          "Code": "34"
        },
        "BranchesCount": 0,
        "RegistrationDate": null,
        "BOOExistsYears": [],
        "IsUniqueName": false,
        "IsBranch": false,
        "IsMonitored": false,
        "InFolders": []
      },
      {
        "Sum": "67069.00",
        "Percent": "0.12",
        "Capital": "54195410.00",
        "RegistrationInfo": "",
        "Okpo": "194228",
        "Status": {
          "Date": "0001-01-01T00:00:00",
          "Value": {
            "Name": null,
            "ShortName": null
          }
        },
        "Ogrn": "1027402551880",
        "Inn": "7448000013",
        "Name": "Открытое акционерное общество \"Челябинский цинковый завод\"",
        "ShortName": "ОАО \"Челябинский цинковый завод\"",
        "Region": null,
        "Address": "454008, г Челябинск, Свердловский тракт, д 24",
        "Phone": null,
        "Chief": {
          "Date": null,
          "Id": null,
          "Name": null,
          "Post": null,
          "FullInfoReady": null
        },
        "MainOkved": {
          "Name": "Производство свинца, цинка и олова",
          "Code": "27.43"
        },
        "Opf": {
          "Name": "Открытые акционерные общества",
          "Code": "12247"
        },
        "OwnershipType": {
          "Name": "Совместная частная и иностранная собственность",
          "Code": "34"
        },
        "BranchesCount": 0,
        "RegistrationDate": null,
        "BOOExistsYears": [],
        "IsUniqueName": false,
        "IsBranch": false,
        "IsMonitored": false,
        "InFolders": []
      },
      {
        "Sum": "280378.00",
        "Percent": "0.77",
        "Capital": "36611030.00",
        "RegistrationInfo": "",
        "Okpo": "231840",
        "Status": {
          "Date": "0001-01-01T00:00:00",
          "Value": {
            "Name": null,
            "ShortName": null
          }
        },
        "Ogrn": "1027402815362",
        "Inn": "7450003445",
        "Name": "Открытое акционерное общество \"Челябинский машиностроительный завод автомобильных прицепов \"Уралавтоприцеп\"",
        "ShortName": "ОАО \"Челябинский машиностроительный завод автомобильных прицепов \"Уралавтоприцеп\"",
        "Region": null,
        "Address": "454038, г Челябинск, ул Хлебозаводская, д 5",
        "Phone": null,
        "Chief": {
          "Date": null,
          "Id": null,
          "Name": null,
          "Post": null,
          "FullInfoReady": null
        },
        "MainOkved": {
          "Name": "Производство автомобильных кузовов, производство прицепов, полуприцепов  и контейнеров, предназначенных для перевозки одним или несколькими видами  транспорта",
          "Code": "34.20"
        },
        "Opf": {
          "Name": "Открытые акционерные общества",
          "Code": "12247"
        },
        "OwnershipType": {
          "Name": "Частная собственность",
          "Code": "16"
        },
        "BranchesCount": 0,
        "RegistrationDate": null,
        "BOOExistsYears": [],
        "IsUniqueName": false,
        "IsBranch": false,
        "IsMonitored": false,
        "InFolders": []
      },
      {
        "Sum": "44.00",
        "Percent": "0.05",
        "Capital": "95292.00",
        "RegistrationInfo": "ОГРН-1027700431296 от 14.11.2002г",
        "Okpo": "282855",
        "Status": {
          "Date": "0001-01-01T00:00:00",
          "Value": {
            "Name": null,
            "ShortName": null
          }
        },
        "Ogrn": "1025404788177",
        "Inn": "5446102070",
        "Name": "ОТКРЫТОЕ АКЦИОНЕРНОЕ ОБЩЕСТВО \"ИСКИТИМЦЕМЕНТ\"",
        "ShortName": "ОАО \"ИСКИТИМЦЕМЕНТ\"",
        "Region": null,
        "Address": "633209, Новосибирская область, г Искитим, ул Заводская, 1а",
        "Phone": null,
        "Chief": {
          "Date": null,
          "Id": null,
          "Name": null,
          "Post": null,
          "FullInfoReady": null
        },
        "MainOkved": {
          "Name": "Производство цемента",
          "Code": "26.51"
        },
        "Opf": {
          "Name": "Открытые акционерные общества",
          "Code": "12247"
        },
        "OwnershipType": {
          "Name": "Частная собственность",
          "Code": "16"
        },
        "BranchesCount": 0,
        "RegistrationDate": null,
        "BOOExistsYears": [],
        "IsUniqueName": false,
        "IsBranch": false,
        "IsMonitored": false,
        "InFolders": []
      },
      {
        "Sum": "67210.00",
        "Percent": "0.05",
        "Capital": "147397029.00",
        "RegistrationInfo": "1027700431296 от 14.11.2002",
        "Okpo": "340664",
        "Status": {
          "Date": "0001-01-01T00:00:00",
          "Value": {
            "Name": null,
            "ShortName": null
          }
        },
        "Ogrn": "1027700042985",
        "Inn": "7705033216",
        "Name": "Открытое акционерное общество \"РОТ ФРОНТ\"",
        "ShortName": "ОАО \"РОТ ФРОНТ\"",
        "Region": null,
        "Address": "115184, г Москва, пер 2-й Новокузнецкий, д 13/15",
        "Phone": null,
        "Chief": {
          "Date": null,
          "Id": null,
          "Name": null,
          "Post": null,
          "FullInfoReady": null
        },
        "MainOkved": {
          "Name": "Производство какао, шоколада и сахаристых кондитерских изделий",
          "Code": "15.84"
        },
        "Opf": {
          "Name": "Открытые акционерные общества",
          "Code": "12247"
        },
        "OwnershipType": {
          "Name": "Частная собственность",
          "Code": "16"
        },
        "BranchesCount": 0,
        "RegistrationDate": null,
        "BOOExistsYears": [],
        "IsUniqueName": false,
        "IsBranch": false,
        "IsMonitored": false,
        "InFolders": []
      },
      {
        "Sum": "454366.97",
        "Percent": "1.15",
        "Capital": "39510170.00",
        "RegistrationInfo": "1027700431296 от 14.11.2002",
        "Okpo": "1386148",
        "Status": {
          "Date": "0001-01-01T00:00:00",
          "Value": {
            "Name": null,
            "ShortName": null
          }
        },
        "Ogrn": "1027739167246",
        "Inn": "7701045732",
        "Name": "Открытое акционерное общество \" МОСТОТРЕСТ\"",
        "ShortName": "ОАО \" МОСТОТРЕСТ\"",
        "Region": null,
        "Address": "121087, г Москва, ул Барклая, д 6, стр 5",
        "Phone": null,
        "Chief": {
          "Date": null,
          "Id": null,
          "Name": null,
          "Post": null,
          "FullInfoReady": null
        },
        "MainOkved": {
          "Name": "Производство общестроительных работ по строительству мостов,  надземных автомобильных дорог, тоннелей и подземных дорог",
          "Code": "45.21.2"
        },
        "Opf": {
          "Name": "Открытые акционерные общества",
          "Code": "12247"
        },
        "OwnershipType": {
          "Name": "Совместная частная и иностранная собственность",
          "Code": "34"
        },
        "BranchesCount": 0,
        "RegistrationDate": null,
        "BOOExistsYears": [],
        "IsUniqueName": false,
        "IsBranch": false,
        "IsMonitored": false,
        "InFolders": []
      },
      {
        "Sum": "130.71",
        "Percent": "0.69",
        "Capital": "18944.00",
        "RegistrationInfo": "1027700431296 ИНН 7710401987",
        "Okpo": "1386846",
        "Status": {
          "Date": "0001-01-01T00:00:00",
          "Value": {
            "Name": null,
            "ShortName": null
          }
        },
        "Ogrn": "1027804594498",
        "Inn": "7807002721",
        "Name": "Открытое акционерное общество \"Мостостроительный отряд  19\"",
        "ShortName": "ОАО \"Мостостроительный отряд  19\"",
        "Region": null,
        "Address": "198320, Г САНКТ-ПЕТЕРБУРГ, Г КРАСНОЕ СЕЛО, ПРОСП ЛЕНИНА, 77А",
        "Phone": null,
        "Chief": {
          "Date": null,
          "Id": null,
          "Name": null,
          "Post": null,
          "FullInfoReady": null
        },
        "MainOkved": {
          "Name": "Производство общестроительных работ по строительству мостов,  надземных автомобильных дорог, тоннелей и подземных дорог",
          "Code": "45.21.2"
        },
        "Opf": {
          "Name": "Открытые акционерные общества",
          "Code": "12247"
        },
        "OwnershipType": {
          "Name": "Частная собственность",
          "Code": "16"
        },
        "BranchesCount": 0,
        "RegistrationDate": null,
        "BOOExistsYears": [],
        "IsUniqueName": false,
        "IsBranch": false,
        "IsMonitored": false,
        "InFolders": []
      },
      {
        "Sum": "530.00",
        "Percent": "0.05",
        "Capital": "1058397.00",
        "RegistrationInfo": "1027700431296 от 14.11.2002",
        "Okpo": "3144917",
        "Status": {
          "Date": "0001-01-01T00:00:00",
          "Value": {
            "Name": null,
            "ShortName": null
          }
        },
        "Ogrn": "1026301414941",
        "Inn": "6317019185",
        "Name": "Ликвидационная комиссия Открытое акционерное общество \"Волжское нефтеналивное пароходство \"Волготанкер\" (сформирована ликвидационная комиссия)",
        "ShortName": "ОАО Ликвидационная комиссия  \"Волжское нефтеналивное пароходство \"Волготанкер\" (сформирована ликвидационная комиссия)",
        "Region": null,
        "Address": "443099, г Самара, ул Максима Горького, д 105",
        "Phone": null,
        "Chief": {
          "Date": null,
          "Id": null,
          "Name": null,
          "Post": null,
          "FullInfoReady": null
        },
        "MainOkved": {
          "Name": "Деятельность морского грузового транспорта",
          "Code": "61.10.2"
        },
        "Opf": {
          "Name": "Открытые акционерные общества",
          "Code": "12247"
        },
        "OwnershipType": {
          "Name": "Смешанная российская собственность с долей федеральной собственности",
          "Code": "41"
        },
        "BranchesCount": 0,
        "RegistrationDate": null,
        "BOOExistsYears": [],
        "IsUniqueName": false,
        "IsBranch": false,
        "IsMonitored": false,
        "InFolders": []
      },
      {
        "Sum": "2251008.25",
        "Percent": "23.19",
        "Capital": "9706806.00",
        "RegistrationInfo": "1027700431296 от 14.11.2002",
        "Okpo": "4622419",
        "Status": {
          "Date": "0001-01-01T00:00:00",
          "Value": {
            "Name": null,
            "ShortName": null
          }
        },
        "Ogrn": "1056758305042",
        "Inn": "6731048633",
        "Name": "Открытое акционерное общество \"Смоленскэнергосбыт\"",
        "ShortName": "ОАО \"Смоленскэнергосбыт\"",
        "Region": null,
        "Address": "214019, г Смоленск, ул Тенишевой д 33",
        "Phone": null,
        "Chief": {
          "Date": null,
          "Id": null,
          "Name": null,
          "Post": null,
          "FullInfoReady": null
        },
        "MainOkved": {
          "Name": "Оптовая торговля электрической и тепловой энергией (без их передачи и  распределения)",
          "Code": "51.56.4"
        },
        "Opf": {
          "Name": "Открытые акционерные общества",
          "Code": "12247"
        },
        "OwnershipType": {
          "Name": "Частная собственность",
          "Code": "16"
        },
        "BranchesCount": 0,
        "RegistrationDate": null,
        "BOOExistsYears": [],
        "IsUniqueName": false,
        "IsBranch": false,
        "IsMonitored": false,
        "InFolders": []
      },
      {
        "Sum": "1133800.00",
        "Percent": "1.17",
        "Capital": "96496800.00",
        "RegistrationInfo": "1027700431296 Г.МОСКВА, УЛ. ГАШЕКА, 8-10",
        "Okpo": "5797121",
        "Status": {
          "Date": "0001-01-01T00:00:00",
          "Value": {
            "Name": null,
            "ShortName": null
          }
        },
        "Ogrn": "1022100971144",
        "Inn": "2126003074",
        "Name": "Открытое акционерное общество \"Чебоксарский завод промышленных тракторов\"",
        "ShortName": "ОАО \"Чебоксарский завод промышленных тракторов\"",
        "Region": null,
        "Address": "428027, г Чебоксары, ул Хузангая, д 26, Б",
        "Phone": null,
        "Chief": {
          "Date": null,
          "Id": null,
          "Name": null,
          "Post": null,
          "FullInfoReady": null
        },
        "MainOkved": {
          "Name": "Производство машин и оборудования для добычи полезных ископаемых и  строительства",
          "Code": "29.52"
        },
        "Opf": {
          "Name": "Открытые акционерные общества",
          "Code": "12247"
        },
        "OwnershipType": {
          "Name": "Частная собственность",
          "Code": "16"
        },
        "BranchesCount": 0,
        "RegistrationDate": null,
        "BOOExistsYears": [],
        "IsUniqueName": false,
        "IsBranch": false,
        "IsMonitored": false,
        "InFolders": []
      },
      {
        "Sum": "1700.00",
        "Percent": "0.20",
        "Capital": "835384.00",
        "RegistrationInfo": "1027700431296 ОТ 14.11.2002 ИМНС N39 ПО Г.МОСКВЕ",
        "Okpo": "7527454",
        "Status": {
          "Date": "0001-01-01T00:00:00",
          "Value": {
            "Name": null,
            "ShortName": null
          }
        },
        "Ogrn": "1024001337360",
        "Inn": "4026007424",
        "Name": "Открытое акционерное общество \"Калужский турбинный завод\"",
        "ShortName": "ОАО \"Калужский турбинный завод\"",
        "Region": null,
        "Address": "248021, г Калуга, ул Московская, д 241",
        "Phone": null,
        "Chief": {
          "Date": null,
          "Id": null,
          "Name": null,
          "Post": null,
          "FullInfoReady": null
        },
        "MainOkved": {
          "Name": "Производство турбин",
          "Code": "29.11.2"
        },
        "Opf": {
          "Name": "Открытые акционерные общества",
          "Code": "12247"
        },
        "OwnershipType": {
          "Name": "Смешанная российская собственность с долей федеральной собственности",
          "Code": "41"
        },
        "BranchesCount": 0,
        "RegistrationDate": null,
        "BOOExistsYears": [],
        "IsUniqueName": false,
        "IsBranch": false,
        "IsMonitored": false,
        "InFolders": []
      },
      {
        "Sum": "53311500.00",
        "Percent": "15.00",
        "Capital": "355409750.00",
        "RegistrationInfo": "1027700431296 от 14.11.2002",
        "Okpo": "9307556",
        "Status": {
          "Date": "0001-01-01T00:00:00",
          "Value": {
            "Name": null,
            "ShortName": null
          }
        },
        "Ogrn": "1027739296584",
        "Inn": "7733043350",
        "Name": "Коммерческий Банк \"СДМ-БАНК\" (открытое акционерное общество)",
        "ShortName": "ОАО Коммерческий Банк \"СДМ-БАНК\"",
        "Region": null,
        "Address": "125424, г Москва, шоссе Волоколамское, д 73",
        "Phone": null,
        "Chief": {
          "Date": null,
          "Id": null,
          "Name": null,
          "Post": null,
          "FullInfoReady": null
        },
        "MainOkved": {
          "Name": "Прочее денежное посредничество",
          "Code": "65.12"
        },
        "Opf": {
          "Name": "Открытые акционерные общества",
          "Code": "12247"
        },
        "OwnershipType": {
          "Name": "Частная собственность",
          "Code": "16"
        },
        "BranchesCount": 0,
        "RegistrationDate": null,
        "BOOExistsYears": [],
        "IsUniqueName": false,
        "IsBranch": false,
        "IsMonitored": false,
        "InFolders": []
      },
      {
        "Sum": "24869912.00",
        "Percent": "0.63",
        "Capital": "3924979016.00",
        "RegistrationInfo": "ОГРН 1027700431296 от 14.11.2002",
        "Okpo": "9804094",
        "Status": {
          "Date": "0001-01-01T00:00:00",
          "Value": {
            "Name": null,
            "ShortName": null
          }
        },
        "Ogrn": "1025400001571",
        "Inn": "5408117935",
        "Name": "ОТКРЫТОЕ АКЦИОНЕРНОЕ ОБЩЕСТВО \"МДМ БАНК\"",
        "ShortName": "ОАО \"МДМ БАНК\"",
        "Region": null,
        "Address": "630004, г Новосибирск, ул Ленина, 18",
        "Phone": null,
        "Chief": {
          "Date": null,
          "Id": null,
          "Name": null,
          "Post": null,
          "FullInfoReady": null
        },
        "MainOkved": {
          "Name": "Прочее денежное посредничество",
          "Code": "65.12"
        },
        "Opf": {
          "Name": "Открытые акционерные общества",
          "Code": "12247"
        },
        "OwnershipType": {
          "Name": "Совместная федеральная и иностранная собственность",
          "Code": "31"
        },
        "BranchesCount": 0,
        "RegistrationDate": null,
        "BOOExistsYears": [],
        "IsUniqueName": false,
        "IsBranch": false,
        "IsMonitored": false,
        "InFolders": []
      },
      {
        "Sum": "43016160.00",
        "Percent": "1.96",
        "Capital": "2197409846.00",
        "RegistrationInfo": "1027700431296 от 14.11.2002",
        "Okpo": "11538317",
        "Status": {
          "Date": "0001-01-01T00:00:00",
          "Value": {
            "Name": null,
            "ShortName": null
          }
        },
        "Ogrn": "1027739387411",
        "Inn": "7702077840",
        "Name": "ОТКРЫТОЕ АКЦИОНЕРНОЕ ОБЩЕСТВО \"МОСКОВСКАЯ БИРЖА ММВБ-РТС\"",
        "ShortName": "ОАО \"МОСКОВСКАЯ БИРЖА ММВБ-РТС\"",
        "Region": null,
        "Address": "101000, г Москва, пер Большой Кисловский, д 13",
        "Phone": null,
        "Chief": {
          "Date": null,
          "Id": null,
          "Name": null,
          "Post": null,
          "FullInfoReady": null
        },
        "MainOkved": {
          "Name": "Управление финансовыми рынками",
          "Code": "67.11"
        },
        "Opf": {
          "Name": "Открытые акционерные общества",
          "Code": "12247"
        },
        "OwnershipType": {
          "Name": "Смешанная российская собственность с долей федеральной собственности",
          "Code": "41"
        },
        "BranchesCount": 0,
        "RegistrationDate": null,
        "BOOExistsYears": [],
        "IsUniqueName": false,
        "IsBranch": false,
        "IsMonitored": false,
        "InFolders": []
      },
      {
        "Sum": "733660.00",
        "Percent": "0.01",
        "Capital": "6113833651.00",
        "RegistrationInfo": "1027700431296",
        "Okpo": "14788090",
        "Status": {
          "Date": "0001-01-01T00:00:00",
          "Value": {
            "Name": null,
            "ShortName": null
          }
        },
        "Ogrn": "1034205040935",
        "Inn": "4205049090",
        "Name": "Открытое акционерное общество \"Угольная компания \"Кузбассразрезуголь\"",
        "ShortName": "ОАО \"Угольная компания \"Кузбассразрезуголь\"",
        "Region": null,
        "Address": "650054, г Кемерово, бульв Пионерский, д 4 А",
        "Phone": null,
        "Chief": {
          "Date": null,
          "Id": null,
          "Name": null,
          "Post": null,
          "FullInfoReady": null
        },
        "MainOkved": {
          "Name": "Добыча каменного угля открытым способом",
          "Code": "10.10.11"
        },
        "Opf": {
          "Name": "Открытые акционерные общества",
          "Code": "12247"
        },
        "OwnershipType": {
          "Name": "Совместная частная и иностранная собственность",
          "Code": "34"
        },
        "BranchesCount": 0,
        "RegistrationDate": null,
        "BOOExistsYears": [],
        "IsUniqueName": false,
        "IsBranch": false,
        "IsMonitored": false,
        "InFolders": []
      },
      {
        "Sum": "2871000.00",
        "Percent": "0.27",
        "Capital": "1067639000.00",
        "RegistrationInfo": "1027700431296 от 14.11.2002",
        "Okpo": "17407697",
        "Status": {
          "Date": "0001-01-01T00:00:00",
          "Value": {
            "Name": null,
            "ShortName": null
          }
        },
        "Ogrn": "1021801435325",
        "Inn": "1826000655",
        "Name": "Открытое акционерное общество \"Ижсталь\"",
        "ShortName": "ОАО \"Ижсталь\"",
        "Region": null,
        "Address": "426010, г Ижевск, ул Новоажимова,6",
        "Phone": null,
        "Chief": {
          "Date": null,
          "Id": null,
          "Name": null,
          "Post": null,
          "FullInfoReady": null
        },
        "MainOkved": {
          "Name": "Производство стали",
          "Code": "27.14"
        },
        "Opf": {
          "Name": "Открытые акционерные общества",
          "Code": "12247"
        },
        "OwnershipType": {
          "Name": "Частная собственность",
          "Code": "16"
        },
        "BranchesCount": 0,
        "RegistrationDate": null,
        "BOOExistsYears": [],
        "IsUniqueName": false,
        "IsBranch": false,
        "IsMonitored": false,
        "InFolders": []
      },
      {
        "Sum": "386211.00",
        "Percent": "0.00",
        "Capital": "17536129650.00",
        "RegistrationInfo": "125047, Г МОСКВА, УЛ ГАШЕКА, Д 8-10",
        "Okpo": "26043171",
        "Status": {
          "Date": "0001-01-01T00:00:00",
          "Value": {
            "Name": null,
            "ShortName": null
          }
        },
        "Ogrn": "1022901494945",
        "Inn": "2901038518",
        "Name": "Открытое акционерное общество \"Севералмаз\"",
        "ShortName": "ОАО \"Севералмаз\"",
        "Region": null,
        "Address": "163000, г Архангельск, ул Карла Маркса, д 15",
        "Phone": null,
        "Chief": {
          "Date": null,
          "Id": null,
          "Name": null,
          "Post": null,
          "FullInfoReady": null
        },
        "MainOkved": {
          "Name": "Добыча алмазов",
          "Code": "14.50.22"
        },
        "Opf": {
          "Name": "Открытые акционерные общества",
          "Code": "12247"
        },
        "OwnershipType": {
          "Name": "Смешанная российская собственность с долями федеральной собственности и собственности субъектов Российской Федерации",
          "Code": "43"
        },
        "BranchesCount": 0,
        "RegistrationDate": null,
        "BOOExistsYears": [],
        "IsUniqueName": false,
        "IsBranch": false,
        "IsMonitored": false,
        "InFolders": []
      },
      {
        "Sum": "90318.00",
        "Percent": "0.01",
        "Capital": "868500000.00",
        "RegistrationInfo": "1027700431296 ОТ 14.11.2002 МЕЖРАЙОННАЯ ИНСПЕКЦИЯ",
        "Okpo": "27987276",
        "Status": {
          "Date": "0001-01-01T00:00:00",
          "Value": {
            "Name": null,
            "ShortName": null
          }
        },
        "Ogrn": "1027700003891",
        "Inn": "7703104630",
        "Name": "Открытое акционерное общество \"АКЦИОНЕРНАЯ ФИНАНСОВАЯ КОРПОРАЦИЯ \"СИСТЕМА\"",
        "ShortName": "ОАО \"АКЦИОНЕРНАЯ ФИНАНСОВАЯ КОРПОРАЦИЯ \"СИСТЕМА\"",
        "Region": null,
        "Address": "125009, г Москва, ул Моховая, д 13, стр 1",
        "Phone": null,
        "Chief": {
          "Date": null,
          "Id": null,
          "Name": null,
          "Post": null,
          "FullInfoReady": null
        },
        "MainOkved": {
          "Name": "Капиталовложения в ценные бумаги",
          "Code": "65.23.1"
        },
        "Opf": {
          "Name": "Открытые акционерные общества",
          "Code": "12247"
        },
        "OwnershipType": {
          "Name": "Частная собственность",
          "Code": "16"
        },
        "BranchesCount": 0,
        "RegistrationDate": null,
        "BOOExistsYears": [],
        "IsUniqueName": false,
        "IsBranch": false,
        "IsMonitored": false,
        "InFolders": []
      },
      {
        "Sum": "366.99",
        "Percent": "0.23",
        "Capital": "159563.00",
        "RegistrationInfo": "1027700431296",
        "Okpo": "32257812",
        "Status": {
          "Date": "0001-01-01T00:00:00",
          "Value": {
            "Name": null,
            "ShortName": null
          }
        },
        "Ogrn": "1026605388490",
        "Inn": "6608003013",
        "Name": "Открытое акционерное общество Авиакомпания \"Уральские авиалинии\"",
        "ShortName": "ОАО Авиакомпания \"Уральские авиалинии\"",
        "Region": null,
        "Address": "620910, г Екатеринбург, пер Утренний, д 1, г",
        "Phone": null,
        "Chief": {
          "Date": null,
          "Id": null,
          "Name": null,
          "Post": null,
          "FullInfoReady": null
        },
        "MainOkved": {
          "Name": "Деятельность воздушного транспорта, подчиняющегося расписанию",
          "Code": "62.10"
        },
        "Opf": {
          "Name": "Открытые акционерные общества",
          "Code": "12247"
        },
        "OwnershipType": {
          "Name": "Совместная частная и иностранная собственность",
          "Code": "34"
        },
        "BranchesCount": 0,
        "RegistrationDate": null,
        "BOOExistsYears": [],
        "IsUniqueName": false,
        "IsBranch": false,
        "IsMonitored": false,
        "InFolders": []
      },
      {
        "Sum": "1365000.00",
        "Percent": "3.64",
        "Capital": "37500000.00",
        "RegistrationInfo": "1027700431296 ОТ 14.11.2002 МЕЖРАЙОННАЯ ИНСПЕКЦИЯ",
        "Okpo": "33649230",
        "Status": {
          "Date": "0001-01-01T00:00:00",
          "Value": {
            "Name": null,
            "ShortName": null
          }
        },
        "Ogrn": "1027700093343",
        "Inn": "7705005628",
        "Name": "ОТКРЫТОЕ АКЦИОНЕРНОЕ ОБЩЕСТВО \"СЕДЬМОЙ КОНТИНЕНТ\"",
        "ShortName": "ОАО \"СЕДЬМОЙ КОНТИНЕНТ\"",
        "Region": null,
        "Address": "125581, г Москва, ул Фестивальная, д 8, корп 1",
        "Phone": null,
        "Chief": {
          "Date": null,
          "Id": null,
          "Name": null,
          "Post": null,
          "FullInfoReady": null
        },
        "MainOkved": {
          "Name": "Прочая розничная торговля в неспециализированных магазинах",
          "Code": "52.12"
        },
        "Opf": {
          "Name": "Открытые акционерные общества",
          "Code": "12247"
        },
        "OwnershipType": {
          "Name": "Частная собственность",
          "Code": "16"
        },
        "BranchesCount": 0,
        "RegistrationDate": null,
        "BOOExistsYears": [],
        "IsUniqueName": false,
        "IsBranch": false,
        "IsMonitored": false,
        "InFolders": []
      },
      {
        "Sum": "6165755.00",
        "Percent": "0.02",
        "Capital": "30828774000.00",
        "RegistrationInfo": "1027700431296 ОТ 14.11.2002 МЕЖРАЙОННАЯ ИНСПЕКЦИЯ",
        "Okpo": "40032777",
        "Status": {
          "Date": "0001-01-01T00:00:00",
          "Value": {
            "Name": null,
            "ShortName": null
          }
        },
        "Ogrn": "1027739137084",
        "Inn": "7713011336",
        "Name": "Открытое акционерное общество \"Группа Компаний ПИК\"",
        "ShortName": "ОАО \"Группа Компаний ПИК\"",
        "Region": null,
        "Address": "123242, г Москва, ул Баррикадная, д 19, cтр 1",
        "Phone": null,
        "Chief": {
          "Date": null,
          "Id": null,
          "Name": null,
          "Post": null,
          "FullInfoReady": null
        },
        "MainOkved": {
          "Name": "Подготовка к продаже собственного недвижимого имущества",
          "Code": "70.11"
        },
        "Opf": {
          "Name": "Открытые акционерные общества",
          "Code": "12247"
        },
        "OwnershipType": {
          "Name": "Частная собственность",
          "Code": "16"
        },
        "BranchesCount": 0,
        "RegistrationDate": null,
        "BOOExistsYears": [],
        "IsUniqueName": false,
        "IsBranch": false,
        "IsMonitored": false,
        "InFolders": []
      },
      {
        "Sum": "0.00",
        "Percent": "0.00",
        "Capital": "0.00",
        "RegistrationInfo": "1027700431296 ОТ 14.11.2002 МЕЖРАЙОННАЯ ИНСПЕКЦИЯ",
        "Okpo": "46823126",
        "Status": {
          "Date": "0001-01-01T00:00:00",
          "Value": {
            "Name": null,
            "ShortName": null
          }
        },
        "Ogrn": "1027739096351",
        "Inn": "7702186327",
        "Name": "Ликвидационная комиссия АССОЦИАЦИЯ \"ВИЗА\" (НЕКОММЕРЧЕСКАЯ ОРГАНИЗАЦИЯ)(назначение ликвидатора)",
        "ShortName": "Ликвидационная комиссия АССОЦИАЦИЯ \"ВИЗА\" (НЕКОММЕРЧЕСКАЯ ОРГАНИЗАЦИЯ)(назначение ликвидатора)",
        "Region": null,
        "Address": "123056, г Москва, ул Гашека, д 7, стр 1",
        "Phone": null,
        "Chief": {
          "Date": null,
          "Id": null,
          "Name": null,
          "Post": null,
          "FullInfoReady": null
        },
        "MainOkved": {
          "Name": "Разработка программного обеспечения и консультирование в этой области",
          "Code": "72.20"
        },
        "Opf": {
          "Name": "Объединения юридических лиц",
          "Code": "20600"
        },
        "OwnershipType": {
          "Name": "Совместная частная и иностранная собственность",
          "Code": "34"
        },
        "BranchesCount": 0,
        "RegistrationDate": null,
        "BOOExistsYears": [],
        "IsUniqueName": false,
        "IsBranch": false,
        "IsMonitored": false,
        "InFolders": []
      },
      {
        "Sum": "29506.00",
        "Percent": "0.00",
        "Capital": "9375860940.00",
        "RegistrationInfo": "1027700431296 от 14.11.2002",
        "Okpo": "56601059",
        "Status": {
          "Date": "0001-01-01T00:00:00",
          "Value": {
            "Name": null,
            "ShortName": null
          }
        },
        "Ogrn": "1027739217758",
        "Inn": "7710373095",
        "Name": "Открытое акционерное общество \" Трубная Металлургическая Компания\"",
        "ShortName": "ОАО \" Трубная Металлургическая Компания\"",
        "Region": null,
        "Address": "105062, г Москва, ул Покровка, д 40, стр 2 А",
        "Phone": null,
        "Chief": {
          "Date": null,
          "Id": null,
          "Name": null,
          "Post": null,
          "FullInfoReady": null
        },
        "MainOkved": {
          "Name": "Деятельность холдинг-компаний в области финансового посредничества",
          "Code": "65.23.5"
        },
        "Opf": {
          "Name": "Открытые акционерные общества",
          "Code": "12247"
        },
        "OwnershipType": {
          "Name": "Частная собственность",
          "Code": "16"
        },
        "BranchesCount": 0,
        "RegistrationDate": null,
        "BOOExistsYears": [],
        "IsUniqueName": false,
        "IsBranch": false,
        "IsMonitored": false,
        "InFolders": []
      },
      {
        "Sum": "21247498.00",
        "Percent": "4.96",
        "Capital": "428376987.50",
        "RegistrationInfo": "1027700431296 ОТ 14.11.2002 МЕЖРАЙОННАЯ ИНСПЕКЦИЯ",
        "Okpo": "57126933",
        "Status": {
          "Date": "0001-01-01T00:00:00",
          "Value": {
            "Name": null,
            "ShortName": null
          }
        },
        "Ogrn": "1023501244524",
        "Inn": "3528079131",
        "Name": "ОТКРЫТОЕ АКЦИОНЕРНОЕ ОБЩЕСТВО \"СОЛЛЕРС\"",
        "ShortName": "ОАО \"СОЛЛЕРС\"",
        "Region": null,
        "Address": "123317, г Москва, ул Тестовская, д 10, подъезд 2",
        "Phone": null,
        "Chief": {
          "Date": null,
          "Id": null,
          "Name": null,
          "Post": null,
          "FullInfoReady": null
        },
        "MainOkved": {
          "Name": "Деятельность по управлению холдинг-компаниями",
          "Code": "74.15.2"
        },
        "Opf": {
          "Name": "Открытые акционерные общества",
          "Code": "12247"
        },
        "OwnershipType": {
          "Name": "Совместная федеральная и иностранная собственность",
          "Code": "31"
        },
        "BranchesCount": 0,
        "RegistrationDate": null,
        "BOOExistsYears": [],
        "IsUniqueName": false,
        "IsBranch": false,
        "IsMonitored": false,
        "InFolders": []
      },
      {
        "Sum": "4107000.00",
        "Percent": "0.12",
        "Capital": "3500010000.00",
        "RegistrationInfo": "",
        "Okpo": "59370726",
        "Status": {
          "Date": "0001-01-01T00:00:00",
          "Value": {
            "Name": null,
            "ShortName": null
          }
        },
        "Ogrn": "1025002032648",
        "Inn": "5018083582",
        "Name": "Открытое акционерное общество \"Авиа-космические телекоммуникации\"",
        "ShortName": "ОАО \"Авиа-космические телекоммуникации\"",
        "Region": null,
        "Address": "192102, Г САНКТ-ПЕТЕРБУРГ, УЛ САЛОВА, 27 ЛИТЕР А",
        "Phone": null,
        "Chief": {
          "Date": null,
          "Id": null,
          "Name": null,
          "Post": null,
          "FullInfoReady": null
        },
        "MainOkved": {
          "Name": "Деятельность в области телефонной связи",
          "Code": "64.20.11"
        },
        "Opf": {
          "Name": "Открытые акционерные общества",
          "Code": "12247"
        },
        "OwnershipType": {
          "Name": "Частная собственность",
          "Code": "16"
        },
        "BranchesCount": 0,
        "RegistrationDate": null,
        "BOOExistsYears": [],
        "IsUniqueName": false,
        "IsBranch": false,
        "IsMonitored": false,
        "InFolders": []
      },
      {
        "Sum": "14964290.00",
        "Percent": "0.83",
        "Capital": "1797682270.00",
        "RegistrationInfo": "1027700431296 от 14.11.2002",
        "Okpo": "71630621",
        "Status": {
          "Date": "0001-01-01T00:00:00",
          "Value": {
            "Name": null,
            "ShortName": null
          }
        },
        "Ogrn": "5067746789248",
        "Inn": "7707602010",
        "Name": "ОТКРЫТОЕ АКЦИОНЕРНОЕ ОБЩЕСТВО \"КОМПАНИЯ \"М.ВИДЕО\"",
        "ShortName": "ОАО \"КОМПАНИЯ \"М.ВИДЕО\"",
        "Region": null,
        "Address": "105066, г Москва, ул Нижняя Красносельская, д 40/12, корп 20",
        "Phone": null,
        "Chief": {
          "Date": null,
          "Id": null,
          "Name": null,
          "Post": null,
          "FullInfoReady": null
        },
        "MainOkved": {
          "Name": "Деятельность по управлению финансово-промышленными группами и  холдинг-компаниями",
          "Code": "74.15"
        },
        "Opf": {
          "Name": "Открытые акционерные общества",
          "Code": "12247"
        },
        "OwnershipType": {
          "Name": "Совместная частная и иностранная собственность",
          "Code": "34"
        },
        "BranchesCount": 0,
        "RegistrationDate": null,
        "BOOExistsYears": [],
        "IsUniqueName": false,
        "IsBranch": false,
        "IsMonitored": false,
        "InFolders": []
      },
      {
        "Sum": "1121750.00",
        "Percent": "6.41",
        "Capital": "17500000.00",
        "RegistrationInfo": "1027700431296 от 14.11.2002",
        "Okpo": "73495883",
        "Status": {
          "Date": "0001-01-01T00:00:00",
          "Value": {
            "Name": null,
            "ShortName": null
          }
        },
        "Ogrn": "1047796292675",
        "Inn": "7706533405",
        "Name": "ОТКРЫТОЕ АКЦИОНЕРНОЕ ОБЩЕСТВО \"РУСГРЭЙН ХОЛДИНГ\"",
        "ShortName": "ОАО \"РУСГРЭЙН ХОЛДИНГ\"",
        "Region": null,
        "Address": "119049, г Москва, ул Коровий Вал, д 7, стр 1, офис 200",
        "Phone": null,
        "Chief": {
          "Date": null,
          "Id": null,
          "Name": null,
          "Post": null,
          "FullInfoReady": null
        },
        "MainOkved": {
          "Name": "Деятельность агентов по оптовой торговле универсальным ассортиментом  товаров",
          "Code": "51.19"
        },
        "Opf": {
          "Name": "Открытые акционерные общества",
          "Code": "12247"
        },
        "OwnershipType": {
          "Name": "Частная собственность",
          "Code": "16"
        },
        "BranchesCount": 0,
        "RegistrationDate": null,
        "BOOExistsYears": [],
        "IsUniqueName": false,
        "IsBranch": false,
        "IsMonitored": false,
        "InFolders": []
      },
      {
        "Sum": "5908559.00",
        "Percent": "19.73",
        "Capital": "29947081.00",
        "RegistrationInfo": "1027700431296 от 14.11.2002",
        "Okpo": "74334277",
        "Status": {
          "Date": "0001-01-01T00:00:00",
          "Value": {
            "Name": null,
            "ShortName": null
          }
        },
        "Ogrn": "1043600070458",
        "Inn": "3663050467",
        "Name": "Открытое акционерное общество \"Воронежская энергосбытовая компания\"",
        "ShortName": "ОАО \"Воронежская энергосбытовая компания\"",
        "Region": null,
        "Address": "394029, г Воронеж, ул Меркулова, д 7, а",
        "Phone": null,
        "Chief": {
          "Date": null,
          "Id": null,
          "Name": null,
          "Post": null,
          "FullInfoReady": null
        },
        "MainOkved": {
          "Name": "Деятельность агентов по оптовой торговле электроэнергией и тепловой  энергией (без их производства, передачи и распределения)",
          "Code": "51.18.26"
        },
        "Opf": {
          "Name": "Открытые акционерные общества",
          "Code": "12247"
        },
        "OwnershipType": {
          "Name": "Совместная частная и иностранная собственность",
          "Code": "34"
        },
        "BranchesCount": 0,
        "RegistrationDate": null,
        "BOOExistsYears": [],
        "IsUniqueName": false,
        "IsBranch": false,
        "IsMonitored": false,
        "InFolders": []
      },
      {
        "Sum": "9961296.00",
        "Percent": "11.40",
        "Capital": "87360000.00",
        "RegistrationInfo": "1027700431296",
        "Okpo": "74725279",
        "Status": {
          "Date": "0001-01-01T00:00:00",
          "Value": {
            "Name": null,
            "ShortName": null
          }
        },
        "Ogrn": "1055803000054",
        "Inn": "5835059003",
        "Name": "Открытое акционерное общество \"Пензаэнергосбыт\" (открыто конкурсное производство)",
        "ShortName": "ОАО \"Пензаэнергосбыт\" (открыто конкурсное производство)",
        "Region": null,
        "Address": "440039, г Пенза, ул Гагарина,11 б",
        "Phone": null,
        "Chief": {
          "Date": null,
          "Id": null,
          "Name": null,
          "Post": null,
          "FullInfoReady": null
        },
        "MainOkved": {
          "Name": "Распределение электроэнергии",
          "Code": "40.10.3"
        },
        "Opf": {
          "Name": "Открытые акционерные общества",
          "Code": "12247"
        },
        "OwnershipType": {
          "Name": "Частная собственность",
          "Code": "16"
        },
        "BranchesCount": 0,
        "RegistrationDate": null,
        "BOOExistsYears": [],
        "IsUniqueName": false,
        "IsBranch": false,
        "IsMonitored": false,
        "InFolders": []
      },
      {
        "Sum": "4800.00",
        "Percent": "0.01",
        "Capital": "48011411.00",
        "RegistrationInfo": "1027700431296 от 14.11.02 МИМНС   39 по Москве",
        "Okpo": "74921744",
        "Status": {
          "Date": "0001-01-01T00:00:00",
          "Value": {
            "Name": null,
            "ShortName": null
          }
        },
        "Ogrn": "1053444090028",
        "Inn": "3445071523",
        "Name": "Открытое акционерное общество \"Волгоградэнергосбыт\"",
        "ShortName": "ОАО \"Волгоградэнергосбыт\"",
        "Region": null,
        "Address": "400001, г Волгоград, ул Козловская,14",
        "Phone": null,
        "Chief": {
          "Date": null,
          "Id": null,
          "Name": null,
          "Post": null,
          "FullInfoReady": null
        },
        "MainOkved": {
          "Name": "Оптовая торговля электрической и тепловой энергией (без их передачи и  распределения)",
          "Code": "51.56.4"
        },
        "Opf": {
          "Name": "Открытые акционерные общества",
          "Code": "12247"
        },
        "OwnershipType": {
          "Name": "Частная собственность",
          "Code": "16"
        },
        "BranchesCount": 0,
        "RegistrationDate": null,
        "BOOExistsYears": [],
        "IsUniqueName": false,
        "IsBranch": false,
        "IsMonitored": false,
        "InFolders": []
      },
      {
        "Sum": "20152600.00",
        "Percent": "1.00",
        "Capital": "1892000000.00",
        "RegistrationInfo": "1027700431296 ОТ 14.11.2002 МЕЖРАЙОННАЯ ИНСП",
        "Okpo": "75353667",
        "Status": {
          "Date": "0001-01-01T00:00:00",
          "Value": {
            "Name": null,
            "ShortName": null
          }
        },
        "Ogrn": "1047796969450",
        "Inn": "7705634425",
        "Name": "Открытое акционерное общество \"Синергия\"",
        "ShortName": "ОАО \"Синергия\"",
        "Region": null,
        "Address": "143180, Московская область, г Звенигород, Звенигород г,Московская обл, ул Ленина, д 28А",
        "Phone": null,
        "Chief": {
          "Date": null,
          "Id": null,
          "Name": null,
          "Post": null,
          "FullInfoReady": null
        },
        "MainOkved": {
          "Name": "Консультирование по вопросам коммерческой деятельности и управления",
          "Code": "74.14"
        },
        "Opf": {
          "Name": "Открытые акционерные общества",
          "Code": "12247"
        },
        "OwnershipType": {
          "Name": "Совместная частная и иностранная собственность",
          "Code": "34"
        },
        "BranchesCount": 0,
        "RegistrationDate": null,
        "BOOExistsYears": [],
        "IsUniqueName": false,
        "IsBranch": false,
        "IsMonitored": false,
        "InFolders": []
      },
      {
        "Sum": "231260480.00",
        "Percent": "0.60",
        "Capital": "38543414165.71",
        "RegistrationInfo": "",
        "Okpo": "76201586",
        "Status": {
          "Date": "0001-01-01T00:00:00",
          "Value": {
            "Name": null,
            "ShortName": null
          }
        },
        "Ogrn": "1057810153400",
        "Inn": "7841312071",
        "Name": "Открытое акционерное общество \"Территориальная генерирующая компания  1\"",
        "ShortName": "ОАО \"Территориальная генерирующая компания  1\"",
        "Region": null,
        "Address": "198188, Г САНКТ-ПЕТЕРБУРГ, УЛ БРОНЕВАЯ, 6 ЛИТЕР Б",
        "Phone": null,
        "Chief": {
          "Date": null,
          "Id": null,
          "Name": null,
          "Post": null,
          "FullInfoReady": null
        },
        "MainOkved": {
          "Name": "Производство электроэнергии",
          "Code": "40.10.1"
        },
        "Opf": {
          "Name": "Открытые акционерные общества",
          "Code": "12247"
        },
        "OwnershipType": {
          "Name": "Совместная частная и иностранная собственность",
          "Code": "34"
        },
        "BranchesCount": 0,
        "RegistrationDate": null,
        "BOOExistsYears": [],
        "IsUniqueName": false,
        "IsBranch": false,
        "IsMonitored": false,
        "InFolders": []
      },
      {
        "Sum": "38136.64",
        "Percent": "1.35",
        "Capital": "2824935.97",
        "RegistrationInfo": "1027700431296 ОТ 14.11.2002 МЕЖРАЙОННАЯ ИНСПЕКЦИЯ",
        "Okpo": "76469946",
        "Status": {
          "Date": "0001-01-01T00:00:00",
          "Value": {
            "Name": null,
            "ShortName": null
          }
        },
        "Ogrn": "1057746554381",
        "Inn": "7705654164",
        "Name": "Открытое акционерное общество \"Специализированное проектно-конструкторское бюро по ремонту и реконструкции\"",
        "ShortName": "ОАО \"Специализированное проектно-конструкторское бюро по ремонту и реконструкции\"",
        "Region": null,
        "Address": "105425, г Москва, шоссе Щелковское, д 32 А",
        "Phone": null,
        "Chief": {
          "Date": null,
          "Id": null,
          "Name": null,
          "Post": null,
          "FullInfoReady": null
        },
        "MainOkved": {
          "Name": "Деятельность в области архитектуры, инженерно-техническое  проектирование, геолого-разведочные и геофизические работы, геодезическая и  картографическая деятельность, деятельность в области стандартизации и  метрологии, деятельность в области гидрометеорологии и смежных с ней областях,  виды деятельности, связанные с решением технических задач, не включенные в  другие группировки",
          "Code": "74.20"
        },
        "Opf": {
          "Name": "Открытые акционерные общества",
          "Code": "12247"
        },
        "OwnershipType": {
          "Name": "Частная собственность",
          "Code": "16"
        },
        "BranchesCount": 0,
        "RegistrationDate": null,
        "BOOExistsYears": [],
        "IsUniqueName": false,
        "IsBranch": false,
        "IsMonitored": false,
        "InFolders": []
      },
      {
        "Sum": "11662502.00",
        "Percent": "4.09",
        "Capital": "285338709.00",
        "RegistrationInfo": "1027700431296 от 14.11.2002",
        "Okpo": "76975649",
        "Status": {
          "Date": "0001-01-01T00:00:00",
          "Value": {
            "Name": null,
            "ShortName": null
          }
        },
        "Ogrn": "1055100064524",
        "Inn": "5190141373",
        "Name": "Открытое акционерное общество \"Мурманская ТЭЦ\"",
        "ShortName": "ОАО \"Мурманская ТЭЦ\"",
        "Region": null,
        "Address": "183038, г Мурманск, ул Шмидта, д 14",
        "Phone": null,
        "Chief": {
          "Date": null,
          "Id": null,
          "Name": null,
          "Post": null,
          "FullInfoReady": null
        },
        "MainOkved": {
          "Name": "Производство, передача и распределение пара и горячей воды (тепловой  энергии)",
          "Code": "40.30"
        },
        "Opf": {
          "Name": "Открытые акционерные общества",
          "Code": "12247"
        },
        "OwnershipType": {
          "Name": "Частная собственность",
          "Code": "16"
        },
        "BranchesCount": 0,
        "RegistrationDate": null,
        "BOOExistsYears": [],
        "IsUniqueName": false,
        "IsBranch": false,
        "IsMonitored": false,
        "InFolders": []
      },
      {
        "Sum": "213812.00",
        "Percent": "1.25",
        "Capital": "17056736.13",
        "RegistrationInfo": "Москва, Гашека, д 8-10",
        "Okpo": "76978381",
        "Status": {
          "Date": "0001-01-01T00:00:00",
          "Value": {
            "Name": null,
            "ShortName": null
          }
        },
        "Ogrn": "1055100064480",
        "Inn": "5105041148",
        "Name": "Открытое акционерное общество \"Кольская энергосбытовая компания\"",
        "ShortName": "ОАО \"Кольская энергосбытовая компания\"",
        "Region": null,
        "Address": "630015, г Новосибирск, ул Королева, 40 корп 40 кв 1706",
        "Phone": null,
        "Chief": {
          "Date": null,
          "Id": null,
          "Name": null,
          "Post": null,
          "FullInfoReady": null
        },
        "MainOkved": {
          "Name": "Специализированная розничная торговля прочими непродовольственными  товарами, не включенными в другие группировки",
          "Code": "52.48.39"
        },
        "Opf": {
          "Name": "Открытые акционерные общества",
          "Code": "12247"
        },
        "OwnershipType": {
          "Name": "Частная собственность",
          "Code": "16"
        },
        "BranchesCount": 0,
        "RegistrationDate": null,
        "BOOExistsYears": [],
        "IsUniqueName": false,
        "IsBranch": false,
        "IsMonitored": false,
        "InFolders": []
      },
      {
        "Sum": "99600.00",
        "Percent": "0.69",
        "Capital": "14399997.00",
        "RegistrationInfo": "1027700431296 ОТ 14.11.2002 МЕЖРАЙОННАЯ ИНСПЕКЦИЯ",
        "Okpo": "78003583",
        "Status": {
          "Date": "0001-01-01T00:00:00",
          "Value": {
            "Name": null,
            "ShortName": null
          }
        },
        "Ogrn": "1057747404406",
        "Inn": "7702568982",
        "Name": "Открытое акционерное общество \"АРМАДА\"",
        "ShortName": "ОАО \"АРМАДА\"",
        "Region": null,
        "Address": "119334, г Москва, пр 5-й Донской, д 15, стр 6",
        "Phone": null,
        "Chief": {
          "Date": null,
          "Id": null,
          "Name": null,
          "Post": null,
          "FullInfoReady": null
        },
        "MainOkved": {
          "Name": "Деятельность по созданию и использованию баз данных и информационных  ресурсов",
          "Code": "72.40"
        },
        "Opf": {
          "Name": "Открытые акционерные общества",
          "Code": "12247"
        },
        "OwnershipType": {
          "Name": "Частная собственность",
          "Code": "16"
        },
        "BranchesCount": 0,
        "RegistrationDate": null,
        "BOOExistsYears": [],
        "IsUniqueName": false,
        "IsBranch": false,
        "IsMonitored": false,
        "InFolders": []
      },
      {
        "Sum": "1284574976.00",
        "Percent": "9.25",
        "Capital": "13894778000.00",
        "RegistrationInfo": "1027700431296 ОТ 14.11.2002 МЕЖРАЙОННАЯ ИНСПЕКЦИЯ",
        "Okpo": "94421386",
        "Status": {
          "Date": "0001-01-01T00:00:00",
          "Value": {
            "Name": null,
            "ShortName": null
          }
        },
        "Ogrn": "1067746341024",
        "Inn": "7708591995",
        "Name": "ОТКРЫТОЕ АКЦИОНЕРНОЕ ОБЩЕСТВО \"ЦЕНТР ПО ПЕРЕВОЗКЕ ГРУЗОВ В КОНТЕЙНЕРАХ \"ТРАНСКОНТЕЙНЕР\"",
        "ShortName": "ОАО \"ЦЕНТР ПО ПЕРЕВОЗКЕ ГРУЗОВ В КОНТЕЙНЕРАХ \"ТРАНСКОНТЕЙНЕР\"",
        "Region": null,
        "Address": "125047, г Москва, пер Оружейный, д 19",
        "Phone": null,
        "Chief": {
          "Date": null,
          "Id": null,
          "Name": null,
          "Post": null,
          "FullInfoReady": null
        },
        "MainOkved": {
          "Name": "Деятельность железнодорожного транспорта",
          "Code": "60.1"
        },
        "Opf": {
          "Name": "Открытые акционерные общества",
          "Code": "12247"
        },
        "OwnershipType": {
          "Name": "Смешанная российская собственность с долей федеральной собственности",
          "Code": "41"
        },
        "BranchesCount": 0,
        "RegistrationDate": null,
        "BOOExistsYears": [],
        "IsUniqueName": false,
        "IsBranch": false,
        "IsMonitored": false,
        "InFolders": []
      }
    ],
    "IsFavorite": false,
    "Comment": null,
    "LastUpdate": "2013-10-11T04:06:06",
    "ChiefHistory": [
      {
        "Date": "2013-10-11T04:06:06",
        "Id": 397274,
        "Name": "Турек Зденек",
        "Post": "Президент",
        "FullInfoReady": null
      }
    ],
    "IsFromMultistat": true,
    "StorageId": 350753,
    "OrganizationId": null,
    "IsFnsDataFilled": false,
    "IsAffiliatedFilled": false,
    "IsCasesChecked": null,
    "PreviousNames": [],
    "IsAbsent": false,
    "Okpo": "29034830",
    "Status": {
      "Date": "2003-03-17T00:00:00",
      "Value": {
        "Name": "действующее",
        "ShortName": "активное"
      }
    },
    "Ogrn": "1027700431296",
    "Inn": "7710401987",
    "Name": "Закрытое акционерное общество коммерческий банк \"Ситибанк\"",
    "ShortName": "ЗАО КБ \"Ситибанк\"",
    "Region": {
      "Name": "Город Москва столица Российской Федерации город федерального значения, Центральный административный округ, район Пресненский",
      "Code": "45286575000"
    },
    "Address": "125047, г Москва, ул Гашека, д 8-10, корпус 1",
    "Phone": "495-643-14-25",
    "Chief": {
      "Date": "2013-10-11T04:06:06",
      "Id": 397274,
      "Name": "Турек Зденек",
      "Post": "Президент",
      "FullInfoReady": null
    },
    "MainOkved": {
      "Name": "Прочее денежное посредничество",
      "Code": "65.12"
    },
    "Opf": {
      "Name": "Закрытые акционерные общества",
      "Code": "12267"
    },
    "OwnershipType": {
      "Name": "Собственность иностранных юридических лиц",
      "Code": "23"
    },
    "BranchesCount": 0,
    "RegistrationDate": "14.11.2002г.",
    "BOOExistsYears": [],
    "IsUniqueName": true,
    "IsBranch": false,
    "IsMonitored": false,
    "InFolders": []
  },
  "Success": true,
  "Timings": [
    "BusinessCard 00:00:00.5990000",
    "FillInnAndOgrn 00:00:00.0180000"
  ]
}