{
  "Message": "",
  "ServerDate": "2014-05-30T00:09:30.0006788+04:00",
  "Result": {
    "MaxSum": -1.0,
    "FoundSideIdByCaseId": {
      "868ab2f9-8c79-4b46-98d1-ad951cebf636": 5014005,
      "47bc2dd4-4c17-4dda-b3b8-6e4e27108ae6": 6026032,
      "08615830-e586-4975-8003-fbc70528e358": 5972107,
      "93d4e238-45c9-4e68-9963-c8441f8dcd5d": 3261346,
      "78d283d0-010e-4c50-b1d1-cf2395c00bf9": 4974816,
      "678b3834-c8ca-431c-af36-c7e876370905": 5058022
    },
    "Page": 1,
    "PageSize": 30,
    "TotalCount": 6,
    "PagesCount": 1,
    "Items": [
      {
        "CaseId": "868ab2f9-8c79-4b46-98d1-ad951cebf636",
        "FoundInstanceId": "00000000-0000-0000-0000-000000000000",
        "CaseNumber": "А41-17990/2014",
        "StartDate": "2014-03-28T00:00:00",
        "JudgeId": "de2efeed-0c4d-498d-83c3-03c67513f9dc",
        "Judge": "Хазов О. Э.",
        "Court": "АС Московской области",
        "Instances": [
          {
            "Court": "АС Московской области",
            "Judge": "Хазов О. Э.",
            "CourtTag": "ASMO",
            "InstanceLevel": 1,
            "FinishState": 0,
            "FinishDate": null,
            "IncomingDate": "2014-03-28T00:00:00",
            "JudgeId": "de2efeed-0c4d-498d-83c3-03c67513f9dc"
          }
        ],
        "Sides": [
          {
            "Type": 0,
            "FakeId": 5014003,
            "TypeName": "Истец",
            "OrganizationId": 0,
            "ShortName": "Рахаева Аминат Мухарбиевна",
            "Name": "Рахаева Аминат Мухарбиевна",
            "IsBranch": false,
            "IsUnique": false,
            "IsNotPrecise": false,
            "Inn": null,
            "Ogrn": null,
            "Okpo": null,
            "Address": "город Нальчик",
            "Region": null,
            "OrgForm": null,
            "HeadFio": null,
            "StorageId": null,
            "HidePersonalData": 1,
            "IsPhysical": true,
            "IsMonitored": false,
            "InFolders": null
          },
          {
            "Type": 1,
            "FakeId": 5014004,
            "TypeName": "Ответчик",
            "OrganizationId": 0,
            "ShortName": "ООО \"Ист Поинт Лоджистикс\"",
            "Name": "ООО \"Ист Поинт Лоджистикс\"",
            "IsBranch": false,
            "IsUnique": false,
            "IsNotPrecise": false,
            "Inn": "5031066410",
            "Ogrn": null,
            "Okpo": null,
            "Address": "142440, пгт. Обухово, ЗАО \"Ногинское\" контора Обухово, Ногинский р-н, Моск. область",
            "Region": null,
            "OrgForm": null,
            "HeadFio": null,
            "StorageId": null,
            "HidePersonalData": 0,
            "IsPhysical": false,
            "IsMonitored": false,
            "InFolders": null
          },
          {
            "Type": 1,
            "FakeId": 5014005,
            "TypeName": "Ответчик",
            "OrganizationId": 0,
            "ShortName": "Компания Демесне Инвестментс Лимитед",
            "Name": "Компания Демесне Инвестментс Лимитед",
            "IsBranch": false,
            "IsUnique": false,
            "IsNotPrecise": false,
            "Inn": null,
            "Ogrn": null,
            "Okpo": null,
            "Address": "123317, Пресненская набережная,10,г.Москва",
            "Region": null,
            "OrgForm": null,
            "HeadFio": null,
            "StorageId": null,
            "HidePersonalData": 0,
            "IsPhysical": false,
            "IsMonitored": false,
            "InFolders": null
          }
        ],
        "LastEvents": [
          {
            "Date": "2014-05-20T00:00:00",
            "Description": null,
            "ContentTypes": [
              "Назначение судьи (судей)"
            ],
            "DecisionType": "",
            "DocumentId": "7fcfb6b3-4ac6-41f4-86c5-39c3de523b2c",
            "Court": "АС Московской области",
            "Judge": "Хазов О. Э.",
            "JudgeId": "de2efeed-0c4d-498d-83c3-03c67513f9dc",
            "Declarer": "",
            "DeclarerInfo": null,
            "InstanceNumber": "А41-17990/2014",
            "NeedJudges": true,
            "TypeName": "События",
            "DocumentFileName": null
          }
        ],
        "NextEvent": {
          "Date": "2014-06-04T10:30:00",
          "Description": "Судебное заседание\nАС Московской области, 636",
          "ContentTypes": null,
          "DecisionType": null,
          "DocumentId": "17ac34ec-e11a-4e80-a8d0-6df4000a5b74",
          "Court": "АС Московской области",
          "Judge": null,
          "JudgeId": "00000000-0000-0000-0000-000000000000",
          "Declarer": null,
          "DeclarerInfo": null,
          "InstanceNumber": "А41-17990/2014",
          "NeedJudges": false,
          "TypeName": null,
          "DocumentFileName": null
        },
        "BankruptStage": "",
        "Status": "Рассматривается в первой инстанции",
        "CaseTypeMCode": "Г",
        "CaseCategory": null,
        "CaseType": "экономические споры по гражданским правоотношениям",
        "ClaimSum": 0.0,
        "RecoverySum": null,
        "Comment": "",
        "IsMonitored": false,
        "InFolders": [],
        "IsFavorite": false,
        "UpdatesCount": 0,
        "IsGJ": false,
        "IsSimpleJustice": false
      },
      {
        "CaseId": "47bc2dd4-4c17-4dda-b3b8-6e4e27108ae6",
        "FoundInstanceId": "00000000-0000-0000-0000-000000000000",
        "CaseNumber": "А07-4820/2014",
        "StartDate": "2014-03-17T00:00:00",
        "JudgeId": "a4a0b906-d849-43e4-91ee-01057ee68b9b",
        "Judge": "Пакутин А. В.",
        "Court": "АС Республики Башкортостан",
        "Instances": [
          {
            "Court": "АС Республики Башкортостан",
            "Judge": "Завершено в",
            "CourtTag": "UFA",
            "InstanceLevel": 1,
            "FinishState": 1,
            "FinishDate": "2014-05-14T00:00:00",
            "IncomingDate": "2014-03-17T00:00:00",
            "JudgeId": "00000000-0000-0000-0000-000000000000"
          }
        ],
        "Sides": [
          {
            "Type": 0,
            "FakeId": 6026032,
            "TypeName": "Истец",
            "OrganizationId": 0,
            "ShortName": "Компания \"Демесне Инвестментс Лимитед\"",
            "Name": "Компания \"Демесне Инвестментс Лимитед\"",
            "IsBranch": false,
            "IsUnique": false,
            "IsNotPrecise": false,
            "Inn": null,
            "Ogrn": null,
            "Okpo": null,
            "Address": "123100, Пресненская наб., 12, Деловой комплекс \"Федераци\", 43 этаж, офис 1, для ООО Парадигма (Петручак Р. К.)",
            "Region": null,
            "OrgForm": null,
            "HeadFio": null,
            "StorageId": null,
            "HidePersonalData": 0,
            "IsPhysical": false,
            "IsMonitored": false,
            "InFolders": null
          },
          {
            "Type": 1,
            "FakeId": 6026033,
            "TypeName": "Ответчик",
            "OrganizationId": 0,
            "ShortName": "ООО \"БИЗНЕС-ПАРК\"",
            "Name": "ООО \"БИЗНЕС-ПАРК\"",
            "IsBranch": false,
            "IsUnique": false,
            "IsNotPrecise": false,
            "Inn": "278122812",
            "Ogrn": null,
            "Okpo": null,
            "Address": "450074, БАШКОРТОСТАН Респ, УФА г, СОФЬИ ПЕРОВСКОЙ ул, д.52, к.2, кв.813",
            "Region": null,
            "OrgForm": null,
            "HeadFio": null,
            "StorageId": null,
            "HidePersonalData": 0,
            "IsPhysical": false,
            "IsMonitored": false,
            "InFolders": null
          }
        ],
        "LastEvents": [
          {
            "Date": "2014-05-14T00:00:00",
            "Description": null,
            "ContentTypes": [
              "Резолютивная часть определения суда"
            ],
            "DecisionType": "",
            "DocumentId": "51c87bcc-42c9-4862-aae3-f7c4bee8ad29",
            "Court": "АС Республики Башкортостан",
            "Judge": "Пакутин А. В.",
            "JudgeId": "a4a0b906-d849-43e4-91ee-01057ee68b9b",
            "Declarer": "",
            "DeclarerInfo": null,
            "InstanceNumber": "А07-4820/2014",
            "NeedJudges": true,
            "TypeName": "Прочие судебные документы",
            "DocumentFileName": null
          }
        ],
        "NextEvent": null,
        "BankruptStage": "",
        "Status": "Рассматривается в первой инстанции",
        "CaseTypeMCode": "Г",
        "CaseCategory": "О неисполнении или ненадлежащем исполнении обязательств по договорам займа и кредита",
        "CaseType": "экономические споры по гражданским правоотношениям",
        "ClaimSum": 300001.0,
        "RecoverySum": null,
        "Comment": "",
        "IsMonitored": false,
        "InFolders": [],
        "IsFavorite": false,
        "UpdatesCount": 0,
        "IsGJ": false,
        "IsSimpleJustice": false
      },
      {
        "CaseId": "08615830-e586-4975-8003-fbc70528e358",
        "FoundInstanceId": "00000000-0000-0000-0000-000000000000",
        "CaseNumber": "А07-3192/2014",
        "StartDate": "2014-02-24T00:00:00",
        "JudgeId": "2562051f-3018-457e-aa9c-a11781e4b122",
        "Judge": "Журавлева М. В.",
        "Court": "АС Республики Башкортостан",
        "Instances": [
          {
            "Court": "АС Республики Башкортостан",
            "Judge": "Завершено в",
            "CourtTag": "UFA",
            "InstanceLevel": 1,
            "FinishState": 1,
            "FinishDate": "2014-05-21T00:00:00",
            "IncomingDate": "2014-02-24T00:00:00",
            "JudgeId": "00000000-0000-0000-0000-000000000000"
          }
        ],
        "Sides": [
          {
            "Type": 0,
            "FakeId": 5972107,
            "TypeName": "Истец",
            "OrganizationId": 0,
            "ShortName": "Компания \"Демесне Инвестментс Лимитед\"",
            "Name": "Компания \"Демесне Инвестментс Лимитед\"",
            "IsBranch": false,
            "IsUnique": false,
            "IsNotPrecise": false,
            "Inn": null,
            "Ogrn": null,
            "Okpo": null,
            "Address": "Информация не заполнена",
            "Region": null,
            "OrgForm": null,
            "HeadFio": null,
            "StorageId": null,
            "HidePersonalData": 0,
            "IsPhysical": false,
            "IsMonitored": false,
            "InFolders": null
          },
          {
            "Type": 1,
            "FakeId": 5972108,
            "TypeName": "Ответчик",
            "OrganizationId": 0,
            "ShortName": "ООО \"Аврора - Уфа\"",
            "Name": "ООО \"Аврора - Уфа\"",
            "IsBranch": false,
            "IsUnique": false,
            "IsNotPrecise": false,
            "Inn": "276080204",
            "Ogrn": null,
            "Okpo": null,
            "Address": "450103, Башкортостан Респ, Уфа г, Сочинская ул, д.18",
            "Region": null,
            "OrgForm": null,
            "HeadFio": null,
            "StorageId": null,
            "HidePersonalData": 0,
            "IsPhysical": false,
            "IsMonitored": false,
            "InFolders": null
          }
        ],
        "LastEvents": [
          {
            "Date": "2014-05-21T00:00:00",
            "Description": null,
            "ContentTypes": [
              "Решение суда первой инстанции"
            ],
            "DecisionType": "Иск удовлетворить полностью",
            "DocumentId": "a0af32a5-8249-46fc-ad06-d9d36fbe3f47",
            "Court": "АС Республики Башкортостан",
            "Judge": "Журавлева М. В.",
            "JudgeId": "2562051f-3018-457e-aa9c-a11781e4b122",
            "Declarer": "",
            "DeclarerInfo": null,
            "InstanceNumber": "А07-3192/2014",
            "NeedJudges": true,
            "TypeName": "Решения и постановления",
            "DocumentFileName": null
          }
        ],
        "NextEvent": null,
        "BankruptStage": "",
        "Status": "Рассматривается в первой инстанции",
        "CaseTypeMCode": "Г",
        "CaseCategory": "О неисполнении или ненадлежащем исполнении обязательств по договорам займа и кредита",
        "CaseType": "экономические споры по гражданским правоотношениям",
        "ClaimSum": 300001.0,
        "RecoverySum": null,
        "Comment": "",
        "IsMonitored": false,
        "InFolders": [],
        "IsFavorite": false,
        "UpdatesCount": 0,
        "IsGJ": false,
        "IsSimpleJustice": false
      },
      {
        "CaseId": "93d4e238-45c9-4e68-9963-c8441f8dcd5d",
        "FoundInstanceId": "00000000-0000-0000-0000-000000000000",
        "CaseNumber": "А53-2262/2014",
        "StartDate": "2014-02-11T00:00:00",
        "JudgeId": "1a9a4f6c-010b-413a-b0f5-23674a94b76f",
        "Judge": "Тютюник П. Н.",
        "Court": "АС Ростовской области",
        "Instances": [
          {
            "Court": "АС Ростовской области",
            "Judge": "Тютюник П. Н.",
            "CourtTag": "ROSTOV",
            "InstanceLevel": 1,
            "FinishState": 0,
            "FinishDate": null,
            "IncomingDate": "2014-02-11T00:00:00",
            "JudgeId": "1a9a4f6c-010b-413a-b0f5-23674a94b76f"
          }
        ],
        "Sides": [
          {
            "Type": 0,
            "FakeId": 3261346,
            "TypeName": "Истец",
            "OrganizationId": 0,
            "ShortName": "Компания \"Демесне Инвестментс Лимитед\"",
            "Name": "Компания \"Демесне Инвестментс Лимитед\"",
            "IsBranch": false,
            "IsUnique": false,
            "IsNotPrecise": false,
            "Inn": null,
            "Ogrn": null,
            "Okpo": null,
            "Address": "Соединенное Королевство Великобритании и Северной Ирландии, Северная Ирландия, Ко Фермана, ВТ 92 AU, Гортмуллен,Деррилин",
            "Region": null,
            "OrgForm": null,
            "HeadFio": null,
            "StorageId": null,
            "HidePersonalData": 0,
            "IsPhysical": false,
            "IsMonitored": false,
            "InFolders": null
          },
          {
            "Type": 1,
            "FakeId": 3261347,
            "TypeName": "Ответчик",
            "OrganizationId": 0,
            "ShortName": "ООО \"Аксайская девелоперская компания\"",
            "Name": "ООО \"Аксайская девелоперская компания\"",
            "IsBranch": false,
            "IsUnique": false,
            "IsNotPrecise": false,
            "Inn": "6165136484",
            "Ogrn": null,
            "Okpo": null,
            "Address": "344064, ул. Вавилова 67, А, г.Ростов-на-Дону",
            "Region": null,
            "OrgForm": null,
            "HeadFio": null,
            "StorageId": null,
            "HidePersonalData": 0,
            "IsPhysical": false,
            "IsMonitored": false,
            "InFolders": null
          }
        ],
        "LastEvents": [
          {
            "Date": "2014-05-07T00:00:00",
            "Description": null,
            "ContentTypes": [
              "Определение об отложении судебного разбирательства"
            ],
            "DecisionType": "",
            "DocumentId": "8a15f231-ab0c-4ee9-aac8-9525d4eccd6f",
            "Court": "АС Ростовской области",
            "Judge": "Тютюник П. Н.",
            "JudgeId": "1a9a4f6c-010b-413a-b0f5-23674a94b76f",
            "Declarer": "",
            "DeclarerInfo": null,
            "InstanceNumber": "А53-2262/2014",
            "NeedJudges": true,
            "TypeName": "Определение",
            "DocumentFileName": null
          }
        ],
        "NextEvent": {
          "Date": "2014-06-06T14:00:00",
          "Description": "Судебное заседание\nАС Ростовской области, Каб. № 315",
          "ContentTypes": null,
          "DecisionType": null,
          "DocumentId": "be6f1974-81f4-4d7e-acee-0f2c5a0a2f3b",
          "Court": "АС Ростовской области",
          "Judge": null,
          "JudgeId": "00000000-0000-0000-0000-000000000000",
          "Declarer": null,
          "DeclarerInfo": null,
          "InstanceNumber": "А53-2262/2014",
          "NeedJudges": false,
          "TypeName": null,
          "DocumentFileName": null
        },
        "BankruptStage": "",
        "Status": "Рассматривается в первой инстанции",
        "CaseTypeMCode": "Г",
        "CaseCategory": "О неисполнении или ненадлежащем исполнении обязательств по договорам займа и кредита",
        "CaseType": "экономические споры по гражданским правоотношениям",
        "ClaimSum": 300001.0,
        "RecoverySum": null,
        "Comment": "",
        "IsMonitored": false,
        "InFolders": [],
        "IsFavorite": false,
        "UpdatesCount": 0,
        "IsGJ": false,
        "IsSimpleJustice": false
      },
      {
        "CaseId": "78d283d0-010e-4c50-b1d1-cf2395c00bf9",
        "FoundInstanceId": "00000000-0000-0000-0000-000000000000",
        "CaseNumber": "А40-27010/2012",
        "StartDate": "2012-02-09T00:00:00",
        "JudgeId": "96743d1a-ca39-4c2f-a5f2-94a2aa0c8b8f",
        "Judge": "Лисицын К. В.",
        "Court": "АС города Москвы",
        "Instances": [
          {
            "Court": "ФАС МО",
            "Judge": "Завершено в",
            "CourtTag": "FASMO",
            "InstanceLevel": 3,
            "FinishState": 1,
            "FinishDate": "2014-04-01T00:00:00",
            "IncomingDate": "2014-03-12T00:00:00",
            "JudgeId": "00000000-0000-0000-0000-000000000000"
          },
          {
            "Court": "9 ААС",
            "Judge": "Завершено в",
            "CourtTag": "9AAS",
            "InstanceLevel": 2,
            "FinishState": 2,
            "FinishDate": "2014-03-05T00:00:00",
            "IncomingDate": "2014-01-30T00:00:00",
            "JudgeId": "00000000-0000-0000-0000-000000000000"
          },
          {
            "Court": "9 ААС",
            "Judge": "Завершено в",
            "CourtTag": "9AAS",
            "InstanceLevel": 2,
            "FinishState": 2,
            "FinishDate": "2014-02-06T00:00:00",
            "IncomingDate": "2014-01-30T00:00:00",
            "JudgeId": "00000000-0000-0000-0000-000000000000"
          },
          {
            "Court": "АС города Москвы",
            "Judge": "Завершено в",
            "CourtTag": "MSK",
            "InstanceLevel": 1,
            "FinishState": 2,
            "FinishDate": "2013-12-12T00:00:00",
            "IncomingDate": "2012-02-09T00:00:00",
            "JudgeId": "00000000-0000-0000-0000-000000000000"
          }
        ],
        "Sides": [
          {
            "Type": 0,
            "FakeId": 4974815,
            "TypeName": "Истец",
            "OrganizationId": 0,
            "ShortName": "Компания Галфис Оверсиз Лимитед",
            "Name": "Компания Галфис Оверсиз Лимитед",
            "IsBranch": false,
            "IsUnique": false,
            "IsNotPrecise": false,
            "Inn": null,
            "Ogrn": null,
            "Okpo": null,
            "Address": "127055, ул. Бутырский вал д. 68/70 стр. 4/5 Москва",
            "Region": null,
            "OrgForm": null,
            "HeadFio": null,
            "StorageId": null,
            "HidePersonalData": 0,
            "IsPhysical": false,
            "IsMonitored": false,
            "InFolders": null
          },
          {
            "Type": 1,
            "FakeId": 2322746,
            "TypeName": "Ответчик",
            "OrganizationId": 0,
            "ShortName": "ООО \"КОМПАНИЯ \"ФИНАНССТРОЙИНВЕСТМЕНТ\"",
            "Name": "ООО \"КОМПАНИЯ \"ФИНАНССТРОЙИНВЕСТМЕНТ\"",
            "IsBranch": false,
            "IsUnique": false,
            "IsNotPrecise": false,
            "Inn": "7717532844",
            "Ogrn": null,
            "Okpo": null,
            "Address": "107113, Россия, Москва, Сокольническая пл., д. 4А",
            "Region": null,
            "OrgForm": null,
            "HeadFio": null,
            "StorageId": null,
            "HidePersonalData": 0,
            "IsPhysical": false,
            "IsMonitored": false,
            "InFolders": null
          },
          {
            "Type": 2,
            "FakeId": 2322747,
            "TypeName": "Третье лицо",
            "OrganizationId": 0,
            "ShortName": "DEVTSNE INVESTMENT LIMITED",
            "Name": "DEVTSNE INVESTMENT LIMITED",
            "IsBranch": false,
            "IsUnique": false,
            "IsNotPrecise": false,
            "Inn": null,
            "Ogrn": null,
            "Okpo": null,
            "Address": "Москва",
            "Region": null,
            "OrgForm": null,
            "HeadFio": null,
            "StorageId": null,
            "HidePersonalData": 0,
            "IsPhysical": true,
            "IsMonitored": false,
            "InFolders": null
          },
          {
            "Type": 3,
            "FakeId": 4844538,
            "TypeName": "Заинтересованные лица",
            "OrganizationId": 0,
            "ShortName": "Гурняк Я. Ф.",
            "Name": "Гурняк Я. Ф.",
            "IsBranch": false,
            "IsUnique": false,
            "IsNotPrecise": false,
            "Inn": null,
            "Ogrn": null,
            "Okpo": null,
            "Address": "Москва",
            "Region": null,
            "OrgForm": null,
            "HeadFio": null,
            "StorageId": null,
            "HidePersonalData": 0,
            "IsPhysical": true,
            "IsMonitored": false,
            "InFolders": null
          },
          {
            "Type": 0,
            "FakeId": 2322745,
            "TypeName": "Истец",
            "OrganizationId": 0,
            "ShortName": "ГАЛФИС ОВЕРСИЗ ЛИМИТЕД",
            "Name": "ГАЛФИС ОВЕРСИЗ ЛИМИТЕД",
            "IsBranch": false,
            "IsUnique": false,
            "IsNotPrecise": false,
            "Inn": null,
            "Ogrn": null,
            "Okpo": null,
            "Address": "Москва",
            "Region": null,
            "OrgForm": null,
            "HeadFio": null,
            "StorageId": null,
            "HidePersonalData": 0,
            "IsPhysical": true,
            "IsMonitored": false,
            "InFolders": null
          },
          {
            "Type": 0,
            "FakeId": 4957771,
            "TypeName": "Заявитель",
            "OrganizationId": 0,
            "ShortName": "Гурняк Я. Ф.",
            "Name": "Гурняк Я. Ф.",
            "IsBranch": false,
            "IsUnique": false,
            "IsNotPrecise": false,
            "Inn": null,
            "Ogrn": null,
            "Okpo": null,
            "Address": "Информация не заполнена",
            "Region": null,
            "OrgForm": null,
            "HeadFio": null,
            "StorageId": null,
            "HidePersonalData": 0,
            "IsPhysical": true,
            "IsMonitored": false,
            "InFolders": null
          },
          {
            "Type": 0,
            "FakeId": 4844533,
            "TypeName": "Истец",
            "OrganizationId": 0,
            "ShortName": "GALFIS OVERSEAS LIMITED",
            "Name": "GALFIS OVERSEAS LIMITED",
            "IsBranch": false,
            "IsUnique": false,
            "IsNotPrecise": false,
            "Inn": null,
            "Ogrn": null,
            "Okpo": null,
            "Address": "Москва",
            "Region": null,
            "OrgForm": null,
            "HeadFio": null,
            "StorageId": null,
            "HidePersonalData": 0,
            "IsPhysical": true,
            "IsMonitored": false,
            "InFolders": null
          },
          {
            "Type": 0,
            "FakeId": 4737888,
            "TypeName": "Заявитель",
            "OrganizationId": 0,
            "ShortName": "Гурняк Ярослав Франкович",
            "Name": "Гурняк Ярослав Франкович",
            "IsBranch": false,
            "IsUnique": false,
            "IsNotPrecise": false,
            "Inn": null,
            "Ogrn": null,
            "Okpo": null,
            "Address": "область Львовская, город Самбор",
            "Region": null,
            "OrgForm": null,
            "HeadFio": null,
            "StorageId": null,
            "HidePersonalData": 1,
            "IsPhysical": true,
            "IsMonitored": false,
            "InFolders": null
          },
          {
            "Type": 1,
            "FakeId": 2322744,
            "TypeName": "Ответчик",
            "OrganizationId": 0,
            "ShortName": "ООО \"Строительные технологии\"",
            "Name": "ООО \"Строительные технологии\"",
            "IsBranch": false,
            "IsUnique": false,
            "IsNotPrecise": false,
            "Inn": "7723786452",
            "Ogrn": null,
            "Okpo": null,
            "Address": "109649, Россия, Москва, Капотня 5-й кв-л, 11, стр. 2",
            "Region": null,
            "OrgForm": null,
            "HeadFio": null,
            "StorageId": null,
            "HidePersonalData": 0,
            "IsPhysical": false,
            "IsMonitored": false,
            "InFolders": null
          },
          {
            "Type": 2,
            "FakeId": 4974816,
            "TypeName": "Третье лицо",
            "OrganizationId": 0,
            "ShortName": "Компания Демесне Инвестментс Лимитед",
            "Name": "Компания Демесне Инвестментс Лимитед",
            "IsBranch": false,
            "IsUnique": false,
            "IsNotPrecise": false,
            "Inn": null,
            "Ogrn": null,
            "Okpo": null,
            "Address": "115114, Дербеневская наб 11В Москва",
            "Region": null,
            "OrgForm": null,
            "HeadFio": null,
            "StorageId": null,
            "HidePersonalData": 0,
            "IsPhysical": false,
            "IsMonitored": false,
            "InFolders": null
          },
          {
            "Type": 2,
            "FakeId": 4844536,
            "TypeName": "Третье лицо",
            "OrganizationId": 0,
            "ShortName": "Demesne Investment Limited",
            "Name": "Demesne Investment Limited",
            "IsBranch": false,
            "IsUnique": false,
            "IsNotPrecise": false,
            "Inn": null,
            "Ogrn": null,
            "Okpo": null,
            "Address": "Ирландия",
            "Region": null,
            "OrgForm": null,
            "HeadFio": null,
            "StorageId": null,
            "HidePersonalData": 0,
            "IsPhysical": true,
            "IsMonitored": false,
            "InFolders": null
          }
        ],
        "LastEvents": [
          {
            "Date": "2014-05-15T00:00:00",
            "Description": null,
            "ContentTypes": [
              "Письмо (исходящее)"
            ],
            "DecisionType": "",
            "DocumentId": "55aa57b9-d3cf-4ef9-afed-cae45ae137c2",
            "Court": "9 ААС",
            "Judge": "Гарипов В. С.",
            "JudgeId": "336adbc5-2d67-419d-87da-3fc7948b5ccf",
            "Declarer": "",
            "DeclarerInfo": null,
            "InstanceNumber": "09АП-3803/2014",
            "NeedJudges": true,
            "TypeName": "Письмо",
            "DocumentFileName": null
          }
        ],
        "NextEvent": null,
        "BankruptStage": "",
        "Status": "Рассматривается в апелляционной, первой и кассационной инстанциях",
        "CaseTypeMCode": "Г",
        "CaseCategory": null,
        "CaseType": "экономические споры по гражданским правоотношениям",
        "ClaimSum": 0.0,
        "RecoverySum": null,
        "Comment": "",
        "IsMonitored": false,
        "InFolders": [],
        "IsFavorite": false,
        "UpdatesCount": 0,
        "IsGJ": false,
        "IsSimpleJustice": false
      },
      {
        "CaseId": "678b3834-c8ca-431c-af36-c7e876370905",
        "FoundInstanceId": "00000000-0000-0000-0000-000000000000",
        "CaseNumber": "А60-37478/2011",
        "StartDate": "2011-10-03T00:00:00",
        "JudgeId": "ad9d4eaf-be95-4952-ac42-e4a886900a90",
        "Judge": "Сушкова С. А.",
        "Court": "АС Свердловской области",
        "Instances": [
          {
            "Court": "ВАС РФ",
            "Judge": "Мифтахутдинов Р. Т.",
            "CourtTag": "VAS",
            "InstanceLevel": 4,
            "FinishState": 0,
            "FinishDate": null,
            "IncomingDate": "2013-04-11T00:00:00",
            "JudgeId": "4d4d48c2-db94-4d70-9cbd-e16dfe1c5570"
          },
          {
            "Court": "ВАС РФ",
            "Judge": "Мифтахутдинов Р. Т.",
            "CourtTag": "VAS",
            "InstanceLevel": 4,
            "FinishState": 0,
            "FinishDate": null,
            "IncomingDate": "2013-04-05T00:00:00",
            "JudgeId": "4d4d48c2-db94-4d70-9cbd-e16dfe1c5570"
          }
        ],
        "Sides": [
          {
            "Type": 0,
            "FakeId": 3240681,
            "TypeName": "Кредитор",
            "OrganizationId": 0,
            "ShortName": "ООО \"Красный сектор\"",
            "Name": "ООО \"Красный сектор\"",
            "IsBranch": false,
            "IsUnique": false,
            "IsNotPrecise": false,
            "Inn": "6671181677",
            "Ogrn": null,
            "Okpo": null,
            "Address": "117342, г. Москва, ул. Введенского, 23А корп. 3 офис 64",
            "Region": null,
            "OrgForm": null,
            "HeadFio": null,
            "StorageId": null,
            "HidePersonalData": 0,
            "IsPhysical": false,
            "IsMonitored": false,
            "InFolders": null
          },
          {
            "Type": 0,
            "FakeId": 4997640,
            "TypeName": "Кредитор",
            "OrganizationId": 0,
            "ShortName": "ООО \"Внешконсалт\"",
            "Name": "ООО \"Внешконсалт\"",
            "IsBranch": false,
            "IsUnique": false,
            "IsNotPrecise": false,
            "Inn": null,
            "Ogrn": null,
            "Okpo": null,
            "Address": "115035, ул.Большая Ордынка, д.7, стр.1, г.Москва",
            "Region": null,
            "OrgForm": null,
            "HeadFio": null,
            "StorageId": null,
            "HidePersonalData": 0,
            "IsPhysical": false,
            "IsMonitored": false,
            "InFolders": null
          },
          {
            "Type": 0,
            "FakeId": 5058020,
            "TypeName": "Кредитор",
            "OrganizationId": 0,
            "ShortName": "Компания \"Айриш Бэнк Резолюшен Корпорейшн Лимитед\"",
            "Name": "Компания \"Айриш Бэнк Резолюшен Корпорейшн Лимитед\"",
            "IsBranch": false,
            "IsUnique": false,
            "IsNotPrecise": false,
            "Inn": null,
            "Ogrn": null,
            "Okpo": null,
            "Address": "Информация не заполнена",
            "Region": null,
            "OrgForm": null,
            "HeadFio": null,
            "StorageId": null,
            "HidePersonalData": 0,
            "IsPhysical": false,
            "IsMonitored": false,
            "InFolders": null
          },
          {
            "Type": 0,
            "FakeId": 5058022,
            "TypeName": "Кредитор",
            "OrganizationId": 0,
            "ShortName": "Компания \"Демесне Инвестментс Лимитед\"",
            "Name": "Компания \"Демесне Инвестментс Лимитед\"",
            "IsBranch": false,
            "IsUnique": false,
            "IsNotPrecise": false,
            "Inn": null,
            "Ogrn": null,
            "Okpo": null,
            "Address": "Информация не заполнена",
            "Region": null,
            "OrgForm": null,
            "HeadFio": null,
            "StorageId": null,
            "HidePersonalData": 0,
            "IsPhysical": false,
            "IsMonitored": false,
            "InFolders": null
          },
          {
            "Type": 0,
            "FakeId": 4660969,
            "TypeName": "Кредитор",
            "OrganizationId": 0,
            "ShortName": "DemesneInvestmenstLimited (ДеместнеИнвестменсЛимитед)",
            "Name": "DemesneInvestmenstLimited (ДеместнеИнвестменсЛимитед)",
            "IsBranch": false,
            "IsUnique": false,
            "IsNotPrecise": false,
            "Inn": null,
            "Ogrn": null,
            "Okpo": null,
            "Address": "115114, Дербеневская наб., 11В, Бизнес Центр Полларс, оф. 605, г. Москва",
            "Region": null,
            "OrgForm": null,
            "HeadFio": null,
            "StorageId": null,
            "HidePersonalData": 0,
            "IsPhysical": false,
            "IsMonitored": false,
            "InFolders": null
          },
          {
            "Type": 0,
            "FakeId": 5058023,
            "TypeName": "Кредитор",
            "OrganizationId": 0,
            "ShortName": "Компания Галфис Оверсиз Лимитед",
            "Name": "Компания Галфис Оверсиз Лимитед",
            "IsBranch": false,
            "IsUnique": false,
            "IsNotPrecise": false,
            "Inn": null,
            "Ogrn": null,
            "Okpo": null,
            "Address": "127055, ул.Бутырский вал, д.68/70, стр.4/5, г.Москва, БЦ \"Бейкер Плаза\", 3 этаж, офис 311, Адвокатское бюро \"Корельский, Ищук, Астафьев и партнеры\", И.В. Дедковскому",
            "Region": null,
            "OrgForm": null,
            "HeadFio": null,
            "StorageId": null,
            "HidePersonalData": 0,
            "IsPhysical": false,
            "IsMonitored": false,
            "InFolders": null
          },
          {
            "Type": 0,
            "FakeId": 5066508,
            "TypeName": "Кредитор",
            "OrganizationId": 0,
            "ShortName": "Куин Файнэнс",
            "Name": "Куин Файнэнс",
            "IsBranch": false,
            "IsUnique": false,
            "IsNotPrecise": false,
            "Inn": null,
            "Ogrn": null,
            "Okpo": null,
            "Address": "119017, г. Москва, ул. Б. Ордынка, 40 стр. 5 (Адвокатское бюро \"Егоров, Пугинский, Афанасьев и партнеры\")",
            "Region": null,
            "OrgForm": null,
            "HeadFio": null,
            "StorageId": null,
            "HidePersonalData": 0,
            "IsPhysical": false,
            "IsMonitored": false,
            "InFolders": null
          },
          {
            "Type": 0,
            "FakeId": 5058025,
            "TypeName": "Кредитор",
            "OrganizationId": 0,
            "ShortName": "КОО \"SAMONACA HOLDINGS LIMITED\" (\"Самонака Холдингз Лимитед\")",
            "Name": "КОО \"SAMONACA HOLDINGS LIMITED\" (\"Самонака Холдингз Лимитед\")",
            "IsBranch": false,
            "IsUnique": false,
            "IsNotPrecise": false,
            "Inn": null,
            "Ogrn": null,
            "Okpo": null,
            "Address": "Информация не заполнена",
            "Region": null,
            "OrgForm": null,
            "HeadFio": null,
            "StorageId": null,
            "HidePersonalData": 0,
            "IsPhysical": false,
            "IsMonitored": false,
            "InFolders": null
          },
          {
            "Type": 0,
            "FakeId": 5052496,
            "TypeName": "Кредитор",
            "OrganizationId": 0,
            "ShortName": "ОАО \"Альфа-Строй\"",
            "Name": "ОАО \"Альфа-Строй\"",
            "IsBranch": false,
            "IsUnique": false,
            "IsNotPrecise": false,
            "Inn": null,
            "Ogrn": null,
            "Okpo": null,
            "Address": "620143, ул. Уральских Рабочих, д. 43, Екатеринбург",
            "Region": null,
            "OrgForm": null,
            "HeadFio": null,
            "StorageId": null,
            "HidePersonalData": 0,
            "IsPhysical": false,
            "IsMonitored": false,
            "InFolders": null
          },
          {
            "Type": 0,
            "FakeId": 3579231,
            "TypeName": "Кредитор",
            "OrganizationId": 0,
            "ShortName": "ЗАО \"Внешконсалт\"",
            "Name": "ЗАО \"Внешконсалт\"",
            "IsBranch": false,
            "IsUnique": false,
            "IsNotPrecise": false,
            "Inn": "7705570891",
            "Ogrn": null,
            "Okpo": null,
            "Address": "113035, Б.Ордынка ул., 7/1, Москва",
            "Region": null,
            "OrgForm": null,
            "HeadFio": null,
            "StorageId": null,
            "HidePersonalData": 0,
            "IsPhysical": false,
            "IsMonitored": false,
            "InFolders": null
          },
          {
            "Type": 0,
            "FakeId": 3782410,
            "TypeName": "Кредитор",
            "OrganizationId": 0,
            "ShortName": "ЗАО \"Логистика\"",
            "Name": "ЗАО \"Логистика\"",
            "IsBranch": false,
            "IsUnique": false,
            "IsNotPrecise": false,
            "Inn": null,
            "Ogrn": null,
            "Okpo": null,
            "Address": "420012, Щапова ул.,20, Казань",
            "Region": null,
            "OrgForm": null,
            "HeadFio": null,
            "StorageId": null,
            "HidePersonalData": 0,
            "IsPhysical": false,
            "IsMonitored": false,
            "InFolders": null
          },
          {
            "Type": 0,
            "FakeId": 3579230,
            "TypeName": "Кредитор",
            "OrganizationId": 0,
            "ShortName": "ООО \"РЛЦ-Девелопмент\"",
            "Name": "ООО \"РЛЦ-Девелопмент\"",
            "IsBranch": false,
            "IsUnique": false,
            "IsNotPrecise": false,
            "Inn": "7723806701",
            "Ogrn": null,
            "Okpo": null,
            "Address": "109649, Капотня 5-ый квартал,11,стр.2,Москва",
            "Region": null,
            "OrgForm": null,
            "HeadFio": null,
            "StorageId": null,
            "HidePersonalData": 0,
            "IsPhysical": false,
            "IsMonitored": false,
            "InFolders": null
          },
          {
            "Type": 0,
            "FakeId": 5019273,
            "TypeName": "Кредитор",
            "OrganizationId": 0,
            "ShortName": "ОАО \"Росжелдорпроект\"",
            "Name": "ОАО \"Росжелдорпроект\"",
            "IsBranch": false,
            "IsUnique": false,
            "IsNotPrecise": false,
            "Inn": "7708587910",
            "Ogrn": null,
            "Okpo": null,
            "Address": "620027, ул. Челюскинцев, д. 86, г. Екатеринбург",
            "Region": null,
            "OrgForm": null,
            "HeadFio": null,
            "StorageId": null,
            "HidePersonalData": 0,
            "IsPhysical": false,
            "IsMonitored": false,
            "InFolders": null
          },
          {
            "Type": 0,
            "FakeId": 4990889,
            "TypeName": "Заявитель",
            "OrganizationId": 0,
            "ShortName": "Некоммерческое партнерство \"Саморегулируемая организация арбитражных управляющих \"Меркурий\"",
            "Name": "Некоммерческое партнерство \"Саморегулируемая организация арбитражных управляющих \"Меркурий\"",
            "IsBranch": false,
            "IsUnique": false,
            "IsNotPrecise": false,
            "Inn": "7710458616",
            "Ogrn": null,
            "Okpo": null,
            "Address": "125047, Москва г, Тверская-Ямская 4-я ул, д.2/11, к.2",
            "Region": null,
            "OrgForm": null,
            "HeadFio": null,
            "StorageId": null,
            "HidePersonalData": 0,
            "IsPhysical": false,
            "IsMonitored": false,
            "InFolders": null
          },
          {
            "Type": 0,
            "FakeId": 5052492,
            "TypeName": "Кредитор",
            "OrganizationId": 0,
            "ShortName": "ООО \"Свердловская теплоснабжающая компания\"",
            "Name": "ООО \"Свердловская теплоснабжающая компания\"",
            "IsBranch": false,
            "IsUnique": false,
            "IsNotPrecise": false,
            "Inn": "6673162327",
            "Ogrn": null,
            "Okpo": null,
            "Address": "620017, ул. Старых Большевиков, д. 4, г. Екатеринбург",
            "Region": null,
            "OrgForm": null,
            "HeadFio": null,
            "StorageId": null,
            "HidePersonalData": 0,
            "IsPhysical": false,
            "IsMonitored": false,
            "InFolders": null
          },
          {
            "Type": 0,
            "FakeId": 5052495,
            "TypeName": "Кредитор",
            "OrganizationId": 0,
            "ShortName": "ОАО \"ТГК № 9\"",
            "Name": "ОАО \"ТГК № 9\"",
            "IsBranch": false,
            "IsUnique": false,
            "IsNotPrecise": false,
            "Inn": "5904119383",
            "Ogrn": null,
            "Okpo": null,
            "Address": "620075, ул. Красноармейская, д. 4Б, г. Екатеринбург",
            "Region": null,
            "OrgForm": null,
            "HeadFio": null,
            "StorageId": null,
            "HidePersonalData": 0,
            "IsPhysical": false,
            "IsMonitored": false,
            "InFolders": null
          },
          {
            "Type": 0,
            "FakeId": 3782409,
            "TypeName": "Кредитор",
            "OrganizationId": 0,
            "ShortName": "Demesne Investments Limited (Демесне Инвестменс Лимитед)",
            "Name": "Demesne Investments Limited (Демесне Инвестменс Лимитед)",
            "IsBranch": false,
            "IsUnique": false,
            "IsNotPrecise": false,
            "Inn": null,
            "Ogrn": null,
            "Okpo": null,
            "Address": "115114, Дербеневская набережная, 11, Бизнес Центр Полларис, оф.605В, Москва",
            "Region": null,
            "OrgForm": null,
            "HeadFio": null,
            "StorageId": null,
            "HidePersonalData": 0,
            "IsPhysical": false,
            "IsMonitored": false,
            "InFolders": null
          },
          {
            "Type": 0,
            "FakeId": 4659515,
            "TypeName": "Кредитор",
            "OrganizationId": 0,
            "ShortName": "АЙРИШ БЭНК РЕЗОЛЮШН КОРПОРЕЙШН ЛИМИТЕД",
            "Name": "АЙРИШ БЭНК РЕЗОЛЮШН КОРПОРЕЙШН ЛИМИТЕД",
            "IsBranch": false,
            "IsUnique": false,
            "IsNotPrecise": false,
            "Inn": null,
            "Ogrn": null,
            "Okpo": null,
            "Address": "119017, Большая Ордынка ул., 40, стр.5, оф.320, Москва",
            "Region": null,
            "OrgForm": null,
            "HeadFio": null,
            "StorageId": null,
            "HidePersonalData": 0,
            "IsPhysical": false,
            "IsMonitored": false,
            "InFolders": null
          },
          {
            "Type": 0,
            "FakeId": 3240679,
            "TypeName": "Заявитель",
            "OrganizationId": 0,
            "ShortName": "АНГЛО АЙРИШ БЭНК КОРПОРЕЙШН ЛИМИТЕД",
            "Name": "АНГЛО АЙРИШ БЭНК КОРПОРЕЙШН ЛИМИТЕД",
            "IsBranch": false,
            "IsUnique": false,
            "IsNotPrecise": false,
            "Inn": null,
            "Ogrn": null,
            "Okpo": null,
            "Address": "Ст. Стивенс Грин, 18/21, Дублин 2, Ирландия",
            "Region": null,
            "OrgForm": null,
            "HeadFio": null,
            "StorageId": null,
            "HidePersonalData": 0,
            "IsPhysical": false,
            "IsMonitored": false,
            "InFolders": null
          },
          {
            "Type": 0,
            "FakeId": 3581581,
            "TypeName": "Кредитор",
            "OrganizationId": 0,
            "ShortName": "ГАЛФИС ОВЕРСИЗ ЛИМИТЕД",
            "Name": "ГАЛФИС ОВЕРСИЗ ЛИМИТЕД",
            "IsBranch": false,
            "IsUnique": false,
            "IsNotPrecise": false,
            "Inn": null,
            "Ogrn": null,
            "Okpo": null,
            "Address": "город Москва",
            "Region": null,
            "OrgForm": null,
            "HeadFio": null,
            "StorageId": null,
            "HidePersonalData": 0,
            "IsPhysical": true,
            "IsMonitored": false,
            "InFolders": null
          },
          {
            "Type": 0,
            "FakeId": 3796002,
            "TypeName": "Кредитор",
            "OrganizationId": 0,
            "ShortName": "Демесне Инвестментс Лимитед",
            "Name": "Демесне Инвестментс Лимитед",
            "IsBranch": false,
            "IsUnique": false,
            "IsNotPrecise": false,
            "Inn": null,
            "Ogrn": null,
            "Okpo": null,
            "Address": "Москва",
            "Region": null,
            "OrgForm": null,
            "HeadFio": null,
            "StorageId": null,
            "HidePersonalData": 0,
            "IsPhysical": true,
            "IsMonitored": false,
            "InFolders": null
          },
          {
            "Type": 0,
            "FakeId": 3514171,
            "TypeName": "Кредитор",
            "OrganizationId": 0,
            "ShortName": "ИФНС России по Ленинскому району г. Екатеринбурга",
            "Name": "ИФНС России по Ленинскому району г. Екатеринбурга",
            "IsBranch": true,
            "IsUnique": false,
            "IsNotPrecise": false,
            "Inn": "6661009067",
            "Ogrn": null,
            "Okpo": null,
            "Address": "620014, ул. Малышева, 42, г. Екатеринбург",
            "Region": null,
            "OrgForm": null,
            "HeadFio": null,
            "StorageId": null,
            "HidePersonalData": 0,
            "IsPhysical": false,
            "IsMonitored": false,
            "InFolders": null
          },
          {
            "Type": 1,
            "FakeId": 3240677,
            "TypeName": "Должник",
            "OrganizationId": 0,
            "ShortName": "ООО \"Красный сектор\"",
            "Name": "ООО \"Красный сектор\"",
            "IsBranch": false,
            "IsUnique": false,
            "IsNotPrecise": false,
            "Inn": "6671181677",
            "Ogrn": null,
            "Okpo": null,
            "Address": "117342, г. Москва, ул. Введенского, 23А корп. 3 офис 64",
            "Region": null,
            "OrgForm": null,
            "HeadFio": null,
            "StorageId": null,
            "HidePersonalData": 0,
            "IsPhysical": false,
            "IsMonitored": false,
            "InFolders": null
          }
        ],
        "LastEvents": [
          {
            "Date": "2014-04-23T00:00:00",
            "Description": null,
            "ContentTypes": [
              "Исполнительный лист"
            ],
            "DecisionType": "",
            "DocumentId": "22f700e8-f8f7-4b07-81fa-8f820220b35b",
            "Court": "АС Свердловской области",
            "Judge": "Сушкова С. А.",
            "JudgeId": "ad9d4eaf-be95-4952-ac42-e4a886900a90",
            "Declarer": "",
            "DeclarerInfo": null,
            "InstanceNumber": "А60-37478/2011",
            "NeedJudges": true,
            "TypeName": "Прочие судебные документы",
            "DocumentFileName": null
          }
        ],
        "NextEvent": null,
        "BankruptStage": "Производство прекращено",
        "Status": "Рассматривается в апелляционной, первой, надзорной и кассационной инстанциях",
        "CaseTypeMCode": "Б",
        "CaseCategory": "О несостоятельности (банкротстве)",
        "CaseType": "о несостоятельности (банкротстве) организаций и граждан",
        "ClaimSum": 0.0,
        "RecoverySum": null,
        "Comment": "",
        "IsMonitored": false,
        "InFolders": [],
        "IsFavorite": false,
        "UpdatesCount": 0,
        "IsGJ": false,
        "IsSimpleJustice": false
      }
    ]
  },
  "Success": true,
  "Timings": [
    "GetCasesList.Sql 00:00:00.6990000",
    "GetCasesIdsFormSpx 00:00:00.6090000",
    "GetCasesList.monitoredCases 00:00:00.2780000",
    "GetCasesList.nonViewedCases 00:00:00.0650000",
    "GetCasesList.bankruptStages 00:00:00.0370000",
    "GetCasesList.favoriteCases 00:00:00.0240000",
    "GetCasesList.comments 00:00:00.0180000",
    "GetCasesList.SortAndMerge 00:00:00",
    "Warnings:"
  ]
}