{
  "Message": null,
  "ServerDate": "2014-05-29T23:48:14.0009186+04:00",
  "Result": [
    {
      "OrganizationId": 0,
      "ShortName": "ТПП \"УХТАНЕФТЬ\" СТРУКТ.ПОДРАЗД-Е ООО \"ЛУКОЙЛ-КОМИ\"",
      "Name": "ДИРЕКЦИЯ СОЗДАЮЩЕГОСЯ ПРЕДРИЯТИЯ ТЕРРИТОРИАЛЬНО-ПРОИЗВОДСТВЕННОЕ ПРЕДПРИЯТИЕ \"УХТАНЕФТЬ\" - СТРУКТУРНОЕ ПОДРАЗДЕЛЕНИЕ ООО \"ЛУКОЙЛ-КОМИ\"",
      "IsBranch": true,
      "IsUnique": false,
      "IsNotPrecise": false,
      "Inn": "1106014140",
      "Ogrn": "1021100895760",
      "Okpo": "3314561",
      "Address": "169300, РЕСПУБЛИКА КОМИ, Г УХТА, УЛ ОКТЯБРЬСКАЯ, Д 11",
      "Region": "Республика Коми",
      "OrgForm": "Структурные подразделения обособленных подразделений юридических лиц",
      "HeadFio": "КУЗНЕЦОВ ВИКЕНТИЙ АЛЕКСЕЕВИЧ",
      "StorageId": null,
      "HidePersonalData": null,
      "IsPhysical": false,
      "IsMonitored": false,
      "InFolders": []
    }
  ],
  "Success": true,
  "Timings": [
    "Multistat 00:00:00.0030000"
  ]
}