{
  "Message": null,
  "ServerDate": "2014-05-30T00:05:33.000618+04:00",
  "Result": {
    "ArbCasesCount": null,
    "CommonCasesCount": null,
    "MonitoredCount": 0,
    "FavoriteCount": 0,
    "Opponents": [
      "Межрайонная ИФНС РФ по крупнейшим налогоплательщикам по РК",
      "МУП Ярегажилкомхоз",
      "Ухтинский территориальный отдел Печорского управления Ростехнадзора"
    ],
    "Manager": null,
    "LastEvents": null,
    "NextEvent": null,
    "Comment": null,
    "IsMonitored": false,
    "IsFavorite": false,
    "IsWatch": false,
    "UpdatesCount": 0,
    "OrganizationId": 0,
    "ShortName": "",
    "Name": "",
    "IsBranch": false,
    "IsUnique": false,
    "IsNotPrecise": false,
    "Inn": null,
    "Ogrn": null,
    "Okpo": null,
    "Address": "Информация не заполнена",
    "Region": null,
    "OrgForm": null,
    "HeadFio": "Оборонков Петр Васильевич",
    "StorageId": null,
    "HidePersonalData": null,
    "IsPhysical": false,
    "InFolders": null
  },
  "Success": true,
  "Timings": [
    "Opponents 00:00:07.4260000",
    "HeadFio 00:00:00.4200000"
  ]
}